Date,CompanyName,Code,Sector33CodeName,TOPIXに占める個別銘柄のウエイト,ScaleCategory
20251230,極洋,1301,水産・農林業,0.0059%,TOPIX Small 1
20251230,ニッスイ,1332,水産・農林業,0.0305%,TOPIX Mid400
20251230,マルハニチロ,1333,水産・農林業,0.0181%,TOPIX Mid400
20251230,ユキグニファクトリー,1375,水産・農林業,0.0026%,TOPIX Small 2
20251230,カネコ種苗,1376,水産・農林業,0.0013%,TOPIX Small 2
20251230,サカタのタネ,1377,水産・農林業,0.0150%,TOPIX Small 1
20251230,ホクト,1379,水産・農林業,0.0052%,TOPIX Small 2
20251230,ショーボンドホールディングス,1414,建設業,0.0202%,TOPIX Mid400
20251230,ミライト・ワン,1417,建設業,0.0347%,TOPIX Mid400
20251230,タマホーム,1419,建設業,0.0065%,TOPIX Small 1
20251230,ｒｏｂｏｔ　ｈｏｍｅ,1435,不動産業,0.0010%,TOPIX Small 2
20251230,住石ホールディングス,1514,鉱業,0.0014%,TOPIX Small 2
20251230,日鉄鉱業,1515,鉱業,0.0125%,TOPIX Small 1
20251230,三井松島ホールディングス,1518,その他製品,0.0050%,TOPIX Small 1
20251230,ＩＮＰＥＸ,1605,鉱業,0.3052%,TOPIX Mid400
20251230,石油資源開発,1662,鉱業,0.0281%,TOPIX Small 1
20251230,Ｋ＆Ｏエナジーグループ,1663,鉱業,0.0050%,TOPIX Small 1
20251230,リョーサン菱洋ホールディングス,167A,卸売業,0.0130%,TOPIX Small 1
20251230,第一カッター興業,1716,建設業,0.0010%,TOPIX Small 2
20251230,安藤・間,1719,建設業,0.0292%,TOPIX Mid400
20251230,東急建設,1720,建設業,0.0119%,TOPIX Small 1
20251230,コムシスホールディングス,1721,建設業,0.0469%,TOPIX Mid400
20251230,ビーアールホールディングス,1726,建設業,0.0015%,TOPIX Small 2
20251230,高松コンストラクショングループ,1762,建設業,0.0087%,TOPIX Small 2
20251230,東建コーポレーション,1766,建設業,0.0092%,TOPIX Small 1
20251230,ヤマウラ,1780,建設業,0.0024%,TOPIX Small 2
20251230,オリエンタル白石,1786,建設業,0.0045%,TOPIX Small 2
20251230,大成建設,1801,建設業,0.2251%,TOPIX Mid400
20251230,大林組,1802,建設業,0.2149%,TOPIX Mid400
20251230,清水建設,1803,建設業,0.1482%,TOPIX Mid400
20251230,長谷工コーポレーション,1808,建設業,0.0580%,TOPIX Mid400
20251230,松井建設,1810,建設業,0.0025%,TOPIX Small 2
20251230,鹿島建設,1812,建設業,0.2630%,TOPIX Mid400
20251230,不動テトラ,1813,建設業,0.0031%,TOPIX Small 2
20251230,鉄建建設,1815,建設業,0.0058%,TOPIX Small 2
20251230,西松建設,1820,建設業,0.0185%,TOPIX Mid400
20251230,大豊建設,1822,建設業,0.0022%,TOPIX Small 2
20251230,奥村組,1833,建設業,0.0204%,TOPIX Small 1
20251230,東鉄工業,1835,建設業,0.0102%,TOPIX Small 1
20251230,淺沼組,1852,建設業,0.0083%,TOPIX Small 1
20251230,戸田建設,1860,建設業,0.0317%,TOPIX Mid400
20251230,熊谷組,1861,建設業,0.0187%,TOPIX Small 1
20251230,矢作建設工業,1870,建設業,0.0089%,TOPIX Small 1
20251230,ピーエス・コンストラクション,1871,建設業,0.0053%,TOPIX Small 2
20251230,日本ハウスホールディングス,1873,建設業,0.0014%,TOPIX Small 2
20251230,大東建託,1878,不動産業,0.1037%,TOPIX Mid400
20251230,新日本建設,1879,建設業,0.0058%,TOPIX Small 2
20251230,東亜道路工業,1882,建設業,0.0054%,TOPIX Small 1
20251230,東亜建設工業,1885,建設業,0.0212%,TOPIX Small 1
20251230,日本国土開発,1887,建設業,0.0034%,TOPIX Small 2
20251230,若築建設,1888,建設業,0.0029%,TOPIX Small 2
20251230,五洋建設,1893,建設業,0.0454%,TOPIX Mid400
20251230,世紀東急工業,1898,建設業,0.0053%,TOPIX Small 1
20251230,福田組,1899,建設業,0.0052%,TOPIX Small 2
20251230,住友林業,1911,建設業,0.0846%,TOPIX Mid400
20251230,大和ハウス工業,1925,建設業,0.2923%,TOPIX Large70
20251230,ライト工業,1926,建設業,0.0131%,TOPIX Small 1
20251230,積水ハウス,1928,建設業,0.2157%,TOPIX Large70
20251230,日特建設,1929,建設業,0.0025%,TOPIX Small 2
20251230,北陸電気工事,1930,建設業,0.0017%,TOPIX Small 2
20251230,ユアテック,1934,建設業,0.0118%,TOPIX Small 1
20251230,日本リーテック,1938,建設業,0.0036%,TOPIX Small 2
20251230,四電工,1939,建設業,0.0040%,TOPIX Small 2
20251230,中電工,1941,建設業,0.0122%,TOPIX Small 1
20251230,関電工,1942,建設業,0.0560%,TOPIX Mid400
20251230,きんでん,1944,建設業,0.0947%,TOPIX Mid400
20251230,東京エネシス,1945,建設業,0.0035%,TOPIX Small 2
20251230,トーエネック,1946,建設業,0.0076%,TOPIX Small 2
20251230,住友電設,1949,建設業,0.0053%,TOPIX Small 1
20251230,日本電設工業,1950,建設業,0.0126%,TOPIX Small 1
20251230,エクシオグループ,1951,建設業,0.0504%,TOPIX Mid400
20251230,新日本空調,1952,建設業,0.0083%,TOPIX Small 1
20251230,クラフティア,1959,建設業,0.0338%,TOPIX Mid400
20251230,三機工業,1961,建設業,0.0239%,TOPIX Small 1
20251230,日揮ホールディングス,1963,建設業,0.0421%,TOPIX Mid400
20251230,中外炉工業,1964,建設業,0.0024%,TOPIX Small 2
20251230,太平電業,1968,建設業,0.0087%,TOPIX Small 1
20251230,高砂熱学工業,1969,建設業,0.0483%,TOPIX Mid400
20251230,朝日工業社,1975,建設業,0.0073%,TOPIX Small 1
20251230,明星工業,1976,建設業,0.0058%,TOPIX Small 2
20251230,大氣社,1979,建設業,0.0172%,TOPIX Small 1
20251230,ダイダン,1980,建設業,0.0291%,TOPIX Small 1
20251230,日比谷総合設備,1982,建設業,0.0070%,TOPIX Small 2
20251230,ニップン,2001,食料品,0.0172%,TOPIX Small 1
20251230,日清製粉グループ本社,2002,食料品,0.0390%,TOPIX Mid400
20251230,日東富士製粉,2003,食料品,0.0026%,TOPIX Small 2
20251230,昭和産業,2004,食料品,0.0052%,TOPIX Small 2
20251230,中部飼料,2053,食料品,0.0045%,TOPIX Small 2
20251230,フィード・ワン,2060,食料品,0.0028%,TOPIX Small 2
20251230,日本甜菜製糖,2108,食料品,0.0034%,TOPIX Small 2
20251230,ＤＭ三井製糖,2109,食料品,0.0057%,TOPIX Small 1
20251230,ウェルネオシュガー,2117,食料品,0.0032%,TOPIX Small 2
20251230,ＬＩＦＵＬＬ,2120,サービス業,0.0011%,TOPIX Small 2
20251230,ＭＩＸＩ,2121,情報・通信業,0.0106%,TOPIX Small 1
20251230,ジェイエイシーリクルートメント,2124,サービス業,0.0082%,TOPIX Small 1
20251230,日本Ｍ＆Ａセンターホールディングス,2127,サービス業,0.0245%,TOPIX Mid400
20251230,フィットイージー,212A,サービス業,0.0013%,TOPIX Small 2
20251230,メンバーズ,2130,サービス業,0.0009%,TOPIX Small 2
20251230,ＵＴグループ,2146,サービス業,0.0083%,TOPIX Small 1
20251230,アイティメディア,2148,サービス業,0.0018%,TOPIX Small 2
20251230,Ｅ・Ｊホールディングス,2153,サービス業,0.0025%,TOPIX Small 2
20251230,オープンアップグループ,2154,サービス業,0.0131%,TOPIX Small 1
20251230,コシダカホールディングス,2157,サービス業,0.0072%,TOPIX Small 1
20251230,パソナグループ,2168,サービス業,0.0050%,TOPIX Small 1
20251230,リンクアンドモチベーション,2170,サービス業,0.0026%,TOPIX Small 2
20251230,エス・エム・エス,2175,サービス業,0.0110%,TOPIX Small 1
20251230,パーソルホールディングス,2181,サービス業,0.0564%,TOPIX Mid400
20251230,クックパッド,2193,サービス業,0.0006%,TOPIX Small 2
20251230,森永製菓,2201,食料品,0.0213%,TOPIX Mid400
20251230,中村屋,2204,食料品,0.0016%,TOPIX Small 2
20251230,江崎グリコ,2206,食料品,0.0316%,TOPIX Mid400
20251230,ｍｅｉｔｏ,2207,食料品,0.0022%,TOPIX Small 2
20251230,井村屋グループ,2209,食料品,0.0029%,TOPIX Small 2
20251230,不二家,2211,食料品,0.0035%,TOPIX Small 2
20251230,山崎製パン,2212,食料品,0.0450%,TOPIX Mid400
20251230,モロゾフ,2217,食料品,0.0030%,TOPIX Small 2
20251230,亀田製菓,2220,食料品,0.0051%,TOPIX Small 1
20251230,寿スピリッツ,2222,食料品,0.0199%,TOPIX Mid400
20251230,カルビー,2229,食料品,0.0279%,TOPIX Mid400
20251230,森永乳業,2264,食料品,0.0283%,TOPIX Mid400
20251230,六甲バター,2266,食料品,0.0020%,TOPIX Small 2
20251230,ヤクルト本社,2267,食料品,0.0693%,TOPIX Mid400
20251230,明治ホールディングス,2269,食料品,0.0991%,TOPIX Mid400
20251230,雪印メグミルク,2270,食料品,0.0177%,TOPIX Small 1
20251230,プリマハム,2281,食料品,0.0073%,TOPIX Small 1
20251230,日本ハム,2282,食料品,0.0504%,TOPIX Mid400
20251230,丸大食品,2288,食料品,0.0045%,TOPIX Small 2
20251230,Ｓ　Ｆｏｏｄｓ,2292,食料品,0.0061%,TOPIX Small 1
20251230,柿安本店,2294,食料品,0.0023%,TOPIX Small 2
20251230,伊藤ハム米久ホールディングス,2296,食料品,0.0200%,TOPIX Small 1
20251230,学情,2301,サービス業,0.0017%,TOPIX Small 2
20251230,スタジオアリス,2305,サービス業,0.0021%,TOPIX Small 2
20251230,クロスキャット,2307,情報・通信業,0.0013%,TOPIX Small 2
20251230,システナ,2317,情報・通信業,0.0153%,TOPIX Small 1
20251230,ＮＪＳ,2325,サービス業,0.0024%,TOPIX Small 2
20251230,デジタルアーツ,2326,情報・通信業,0.0068%,TOPIX Small 1
20251230,日鉄ソリューションズ,2327,情報・通信業,0.0251%,TOPIX Mid400
20251230,ＡＬＳＯＫ,2331,サービス業,0.0438%,TOPIX Mid400
20251230,キューブシステム,2335,情報・通信業,0.0014%,TOPIX Small 2
20251230,いちご,2337,不動産業,0.0076%,TOPIX Small 1
20251230,日本駐車場開発,2353,不動産業,0.0063%,TOPIX Small 1
20251230,コア,2359,情報・通信業,0.0019%,TOPIX Small 2
20251230,カカクコム,2371,サービス業,0.0320%,TOPIX Mid400
20251230,セントケア・ホールディング,2374,サービス業,0.0019%,TOPIX Small 2
20251230,ルネサンス,2378,サービス業,0.0018%,TOPIX Small 2
20251230,ディップ,2379,サービス業,0.0082%,TOPIX Small 1
20251230,ＳＢＳホールディングス,2384,陸運業,0.0070%,TOPIX Small 1
20251230,デジタルホールディングス,2389,サービス業,0.0023%,TOPIX Small 2
20251230,新日本科学,2395,サービス業,0.0038%,TOPIX Small 2
20251230,エムスリー,2413,サービス業,0.0890%,TOPIX Mid400
20251230,ワールドホールディングス,2429,サービス業,0.0025%,TOPIX Small 2
20251230,ディー・エヌ・エー,2432,情報・通信業,0.0216%,TOPIX Mid400
20251230,博報堂ＤＹホールディングス,2433,サービス業,0.0317%,TOPIX Mid400
20251230,ぐるなび,2440,サービス業,0.0006%,TOPIX Small 2
20251230,タカミヤ,2445,サービス業,0.0012%,TOPIX Small 2
20251230,ファンコミュニケーションズ,2461,サービス業,0.0016%,TOPIX Small 2
20251230,ライク,2462,サービス業,0.0017%,TOPIX Small 2
20251230,エスプール,2471,サービス業,0.0015%,TOPIX Small 2
20251230,ＷＤＢホールディングス,2475,サービス業,0.0015%,TOPIX Small 2
20251230,手間いらず,2477,情報・通信業,0.0009%,TOPIX Small 2
20251230,アドウェイズ,2489,サービス業,0.0006%,TOPIX Small 2
20251230,バリューコマース,2491,サービス業,0.0012%,TOPIX Small 2
20251230,インフォマート,2492,サービス業,0.0085%,TOPIX Small 1
20251230,サッポロホールディングス,2501,食料品,0.0515%,TOPIX Mid400
20251230,アサヒグループホールディングス,2502,食料品,0.2512%,TOPIX Large70
20251230,キリンホールディングス,2503,食料品,0.1996%,TOPIX Large70
20251230,シマダヤ,250A,食料品,0.0017%,TOPIX Small 2
20251230,宝ホールディングス,2531,食料品,0.0270%,TOPIX Mid400
20251230,オエノンホールディングス,2533,食料品,0.0031%,TOPIX Small 2
20251230,養命酒製造,2540,食料品,0.0037%,TOPIX Small 2
20251230,飛島ホールディングス,256A,建設業,0.0049%,TOPIX Small 2
20251230,コカ・コーラ　ボトラーズジャパンホールディングス,2579,食料品,0.0421%,TOPIX Mid400
20251230,ライフドリンク　カンパニー,2585,食料品,0.0063%,TOPIX Small 1
20251230,サントリー食品インターナショナル,2587,食料品,0.0679%,TOPIX Mid400
20251230,ダイドーグループホールディングス,2590,食料品,0.0059%,TOPIX Small 1
20251230,伊藤園,2593,食料品,0.0203%,TOPIX Mid400
20251230,キーコーヒー,2594,食料品,0.0046%,TOPIX Small 2
20251230,日清オイリオグループ,2602,食料品,0.0151%,TOPIX Small 1
20251230,不二製油,2607,食料品,0.0149%,TOPIX Mid400
20251230,Ｊ−オイルミルズ,2613,食料品,0.0047%,TOPIX Small 2
20251230,インターメスティック,262A,小売業,0.0019%,TOPIX Small 2
20251230,サンエー,2659,小売業,0.0110%,TOPIX Small 1
20251230,カワチ薬品,2664,小売業,0.0051%,TOPIX Small 1
20251230,エービーシー・マート,2670,小売業,0.0306%,TOPIX Mid400
20251230,ハードオフコーポレーション,2674,小売業,0.0017%,TOPIX Small 2
20251230,高千穂交易,2676,卸売業,0.0037%,TOPIX Small 2
20251230,アスクル,2678,小売業,0.0068%,TOPIX Small 1
20251230,ゲオホールディングス,2681,小売業,0.0046%,TOPIX Small 1
20251230,アンドエスティＨＤ,2685,小売業,0.0087%,TOPIX Small 1
20251230,リガク・ホールディングス,268A,精密機器,0.0153%,TOPIX Small 1
20251230,伊藤忠食品,2692,卸売業,0.0055%,TOPIX Small 2
20251230,くら寿司,2695,小売業,0.0083%,TOPIX Small 1
20251230,キャンドゥ,2698,小売業,0.0027%,TOPIX Small 2
20251230,パルグループホールディングス,2726,小売業,0.0175%,TOPIX Small 1
20251230,エディオン,2730,小売業,0.0221%,TOPIX Small 1
20251230,あらた,2733,卸売業,0.0103%,TOPIX Small 1
20251230,サーラコーポレーション,2734,小売業,0.0052%,TOPIX Small 2
20251230,トーメンデバイス,2737,卸売業,0.0042%,TOPIX Small 2
20251230,ハローズ,2742,小売業,0.0046%,TOPIX Small 2
20251230,ＪＰホールディングス,2749,サービス業,0.0039%,TOPIX Small 1
20251230,フジオフードグループ本社,2752,小売業,0.0041%,TOPIX Small 1
20251230,あみやき亭,2753,小売業,0.0022%,TOPIX Small 2
20251230,東京エレクトロン　デバイス,2760,卸売業,0.0074%,TOPIX Small 1
20251230,円谷フィールズホールディングス,2767,卸売業,0.0075%,TOPIX Small 1
20251230,双日,2768,卸売業,0.1030%,TOPIX Mid400
20251230,アルフレッサ　ホールディングス,2784,卸売業,0.0505%,TOPIX Mid400
20251230,大黒天物産,2791,小売業,0.0045%,TOPIX Small 1
20251230,ハニーズホールディングス,2792,小売業,0.0030%,TOPIX Small 2
20251230,キッコーマン,2801,食料品,0.0962%,TOPIX Mid400
20251230,味の素,2802,食料品,0.3361%,TOPIX Large70
20251230,ブルドックソース,2804,食料品,0.0019%,TOPIX Small 2
20251230,キユーピー,2809,食料品,0.0474%,TOPIX Mid400
20251230,ハウス食品グループ本社,2810,食料品,0.0220%,TOPIX Mid400
20251230,カゴメ,2811,食料品,0.0294%,TOPIX Mid400
20251230,アリアケジャパン,2815,食料品,0.0121%,TOPIX Small 1
20251230,エバラ食品工業,2819,食料品,0.0013%,TOPIX Small 2
20251230,キオクシアホールディングス,285A,電気機器,0.1314%,TOPIX Mid400
20251230,ニチレイ,2871,食料品,0.0334%,TOPIX Mid400
20251230,横浜冷凍,2874,卸売業,0.0070%,TOPIX Small 1
20251230,東洋水産,2875,食料品,0.1016%,TOPIX Mid400
20251230,イートアンドホールディングス,2882,食料品,0.0020%,TOPIX Small 2
20251230,ヨシムラ・フード・ホールディングス,2884,食料品,0.0010%,TOPIX Small 2
20251230,日清食品ホールディングス,2897,食料品,0.0671%,TOPIX Mid400
20251230,フジッコ,2908,食料品,0.0037%,TOPIX Small 2
20251230,ロック・フィールド,2910,食料品,0.0031%,TOPIX Small 2
20251230,日本たばこ産業,2914,食料品,0.6994%,TOPIX Core30
20251230,ケンコーマヨネーズ,2915,食料品,0.0024%,TOPIX Small 2
20251230,わらべや日洋ホールディングス,2918,食料品,0.0045%,TOPIX Small 1
20251230,なとり,2922,食料品,0.0024%,TOPIX Small 2
20251230,ファーマフーズ,2929,食料品,0.0018%,TOPIX Small 2
20251230,北の達人コーポレーション,2930,化学,0.0012%,TOPIX Small 2
20251230,ユーグレナ,2931,食料品,0.0055%,TOPIX Small 1
20251230,紀文食品,2933,食料品,0.0019%,TOPIX Small 2
20251230,ピックルスホールディングス,2935,食料品,0.0016%,TOPIX Small 2
20251230,スター・マイカ・ホールディングス,2975,不動産業,0.0029%,TOPIX Small 2
20251230,ＳＲＥホールディングス,2980,不動産業,0.0034%,TOPIX Small 2
20251230,片倉工業,3001,繊維製品,0.0063%,TOPIX Small 2
20251230,グンゼ,3002,繊維製品,0.0138%,TOPIX Small 1
20251230,ヒューリック,3003,不動産業,0.1020%,TOPIX Mid400
20251230,ラサ商事,3023,卸売業,0.0021%,TOPIX Small 2
20251230,アルペン,3028,小売業,0.0049%,TOPIX Small 1
20251230,ラクーンホールディングス,3031,情報・通信業,0.0010%,TOPIX Small 2
20251230,クオールホールディングス,3034,小売業,0.0058%,TOPIX Small 1
20251230,アルコニックス,3036,卸売業,0.0085%,TOPIX Small 1
20251230,神戸物産,3038,卸売業,0.0723%,TOPIX Mid400
20251230,ソリトンシステムズ,3040,情報・通信業,0.0022%,TOPIX Small 2
20251230,ジンズホールディングス,3046,小売業,0.0082%,TOPIX Small 1
20251230,ビックカメラ,3048,小売業,0.0196%,TOPIX Mid400
20251230,ＤＣＭホールディングス,3050,小売業,0.0185%,TOPIX Small 1
20251230,ペッパーフードサービス,3053,小売業,0.0013%,TOPIX Small 2
20251230,ＭｏｎｏｔａＲＯ,3064,小売業,0.0777%,TOPIX Mid400
20251230,あい　ホールディングス,3076,卸売業,0.0112%,TOPIX Small 1
20251230,Ｊ．フロント　リテイリング,3086,小売業,0.0552%,TOPIX Mid400
20251230,ドトール・日レスホールディングス,3087,小売業,0.0101%,TOPIX Small 1
20251230,マツキヨココカラ＆カンパニー,3088,小売業,0.1035%,TOPIX Mid400
20251230,ブロンコビリー,3091,小売業,0.0049%,TOPIX Small 1
20251230,ＺＯＺＯ,3092,小売業,0.0446%,TOPIX Mid400
20251230,トレジャー・ファクトリー,3093,小売業,0.0025%,TOPIX Small 2
20251230,物語コーポレーション,3097,小売業,0.0188%,TOPIX Small 1
20251230,三越伊勢丹ホールディングス,3099,小売業,0.0777%,TOPIX Mid400
20251230,東洋紡,3101,化学,0.0113%,TOPIX Small 1
20251230,ユニチカ,3103,繊維製品,0.0021%,TOPIX Small 2
20251230,富士紡ホールディングス,3104,繊維製品,0.0080%,TOPIX Small 2
20251230,日清紡ホールディングス,3105,電気機器,0.0206%,TOPIX Mid400
20251230,倉敷紡績,3106,繊維製品,0.0123%,TOPIX Small 1
20251230,ダイワボウホールディングス,3107,卸売業,0.0254%,TOPIX Mid400
20251230,シキボウ,3109,繊維製品,0.0015%,TOPIX Small 2
20251230,日東紡績,3110,ガラス・土石製品,0.0268%,TOPIX Small 1
20251230,トヨタ紡織,3116,輸送用機器,0.0256%,TOPIX Mid400
20251230,マクニカホールディングス,3132,卸売業,0.0365%,TOPIX Mid400
20251230,Ｈａｍｅｅ,3134,小売業,0.0005%,TOPIX Small 2
20251230,ラクト・ジャパン,3139,卸売業,0.0032%,TOPIX Small 2
20251230,クリエイトＳＤホールディングス,3148,小売業,0.0104%,TOPIX Small 1
20251230,グリムス,3150,電気・ガス業,0.0019%,TOPIX Small 2
20251230,バイタルケーエスケー・ホールディングス,3151,卸売業,0.0041%,TOPIX Small 2
20251230,八洲電機,3153,卸売業,0.0047%,TOPIX Small 2
20251230,メディアスホールディングス,3154,卸売業,0.0012%,TOPIX Small 2
20251230,レスター,3156,卸売業,0.0052%,TOPIX Small 2
20251230,ＴＯＫＡＩホールディングス,3167,卸売業,0.0129%,TOPIX Small 1
20251230,三洋貿易,3176,卸売業,0.0040%,TOPIX Small 2
20251230,シュッピン,3179,小売業,0.0028%,TOPIX Small 2
20251230,ビューティガレージ,3180,卸売業,0.0009%,TOPIX Small 2
20251230,オイシックス・ラ・大地,3182,小売業,0.0048%,TOPIX Small 1
20251230,ウイン・パートナーズ,3183,卸売業,0.0021%,TOPIX Small 2
20251230,ネクステージ,3186,小売業,0.0139%,TOPIX Small 1
20251230,ジョイフル本田,3191,小売業,0.0126%,TOPIX Small 1
20251230,エターナルホスピタリティグループ,3193,小売業,0.0031%,TOPIX Small 2
20251230,ホットランドホールディングス,3196,小売業,0.0034%,TOPIX Small 2
20251230,すかいらーくホールディングス,3197,小売業,0.1009%,TOPIX Mid400
20251230,ＳＦＰホールディングス,3198,小売業,0.0026%,TOPIX Small 2
20251230,綿半ホールディングス,3199,小売業,0.0025%,TOPIX Small 2
20251230,日本毛織,3201,繊維製品,0.0092%,TOPIX Small 1
20251230,ヨシックスホールディングス,3221,小売業,0.0019%,TOPIX Small 2
20251230,ユナイテッド・スーパーマーケット・ホールディングス,3222,小売業,0.0098%,TOPIX Small 1
20251230,野村不動産ホールディングス,3231,不動産業,0.0550%,TOPIX Mid400
20251230,三重交通グループホールディングス,3232,不動産業,0.0027%,TOPIX Small 2
20251230,ディア・ライフ,3245,不動産業,0.0039%,TOPIX Small 2
20251230,地主,3252,不動産業,0.0051%,TOPIX Small 2
20251230,フィル・カンパニー,3267,建設業,0.0004%,TOPIX Small 2
20251230,ＪＰＭＣ,3276,不動産業,0.0014%,TOPIX Small 2
20251230,フージャースホールディングス,3284,不動産業,0.0047%,TOPIX Small 2
20251230,オープンハウスグループ,3288,不動産業,0.0583%,TOPIX Mid400
20251230,東急不動産ホールディングス,3289,不動産業,0.0797%,TOPIX Mid400
20251230,飯田グループホールディングス,3291,不動産業,0.0437%,TOPIX Mid400
20251230,帝国繊維,3302,繊維製品,0.0071%,TOPIX Small 2
20251230,日本コークス工業,3315,石油・石炭製品,0.0023%,TOPIX Small 2
20251230,あさひ,3333,小売業,0.0024%,TOPIX Small 2
20251230,コスモス薬品,3349,小売業,0.0345%,TOPIX Mid400
20251230,シップヘルスケアホールディングス,3360,卸売業,0.0211%,TOPIX Mid400
20251230,ソフトクリエイトホールディングス,3371,情報・通信業,0.0037%,TOPIX Small 2
20251230,セブン＆アイ・ホールディングス,3382,小売業,0.5451%,TOPIX Core30
20251230,クリエイト・レストランツ・ホールディングス,3387,小売業,0.0256%,TOPIX Small 1
20251230,明治電機工業,3388,卸売業,0.0026%,TOPIX Small 2
20251230,ツルハホールディングス,3391,小売業,0.0986%,TOPIX Mid400
20251230,サンマルクホールディングス,3395,小売業,0.0053%,TOPIX Small 1
20251230,トリドールホールディングス,3397,小売業,0.0262%,TOPIX Mid400
20251230,帝人,3401,繊維製品,0.0250%,TOPIX Mid400
20251230,東レ,3402,繊維製品,0.1427%,TOPIX Mid400
20251230,クラレ,3405,化学,0.0417%,TOPIX Mid400
20251230,旭化成,3407,化学,0.1911%,TOPIX Large70
20251230,ＴＯＫＹＯ　ＢＡＳＥ,3415,小売業,0.0014%,TOPIX Small 2
20251230,稲葉製作所,3421,金属製品,0.0019%,TOPIX Small 2
20251230,宮地エンジニアリンググループ,3431,金属製品,0.0052%,TOPIX Small 1
20251230,トーカロ,3433,金属製品,0.0137%,TOPIX Small 1
20251230,ＳＵＭＣＯ,3436,金属製品,0.0584%,TOPIX Mid400
20251230,川田テクノロジーズ,3443,金属製品,0.0071%,TOPIX Small 2
20251230,ＲＳ　Ｔｅｃｈｎｏｌｏｇｉｅｓ,3445,金属製品,0.0054%,TOPIX Small 1
20251230,Ａｎｄ　Ｄｏホールディングス,3457,不動産業,0.0013%,TOPIX Small 2
20251230,ケイアイスター不動産,3465,不動産業,0.0057%,TOPIX Small 1
20251230,グッドコムアセット,3475,不動産業,0.0027%,TOPIX Small 2
20251230,ジェイ・エス・ビー,3480,不動産業,0.0030%,TOPIX Small 2
20251230,ロードスターキャピタル,3482,不動産業,0.0035%,TOPIX Small 2
20251230,アズーム,3496,不動産業,0.0019%,TOPIX Small 2
20251230,霞ヶ関キャピタル,3498,不動産業,0.0149%,TOPIX Small 1
20251230,ＪＭホールディングス,3539,小売業,0.0053%,TOPIX Small 2
20251230,コメダホールディングス,3543,卸売業,0.0163%,TOPIX Small 1
20251230,アレンザホールディングス,3546,小売業,0.0020%,TOPIX Small 2
20251230,串カツ田中ホールディングス,3547,小売業,0.0013%,TOPIX Small 2
20251230,バロックジャパンリミテッド,3548,小売業,0.0020%,TOPIX Small 2
20251230,クスリのアオキホールディングス,3549,小売業,0.0243%,TOPIX Mid400
20251230,力の源ホールディングス,3561,小売業,0.0023%,TOPIX Small 2
20251230,ＦＯＯＤ　＆　ＬＩＦＥ　ＣＯＭＰＡＮＩＥＳ,3563,小売業,0.0997%,TOPIX Mid400
20251230,アセンテック,3565,卸売業,0.0015%,TOPIX Small 2
20251230,セーレン,3569,繊維製品,0.0138%,TOPIX Small 1
20251230,小松マテーレ,3580,繊維製品,0.0023%,TOPIX Small 2
20251230,ワコールホールディングス,3591,繊維製品,0.0180%,TOPIX Mid400
20251230,ホギメディカル,3593,繊維製品,0.0152%,TOPIX Small 1
20251230,ＴＳＩホールディングス,3608,繊維製品,0.0066%,TOPIX Small 1
20251230,ワールド,3612,繊維製品,0.0106%,TOPIX Small 1
20251230,ＴＩＳ,3626,情報・通信業,0.1155%,TOPIX Mid400
20251230,グリーホールディングス,3632,情報・通信業,0.0028%,TOPIX Small 2
20251230,ＧＭＯペパボ,3633,情報・通信業,0.0006%,TOPIX Small 2
20251230,コーエーテクモホールディングス,3635,情報・通信業,0.0248%,TOPIX Mid400
20251230,三菱総合研究所,3636,情報・通信業,0.0050%,TOPIX Small 1
20251230,ファインデックス,3649,情報・通信業,0.0013%,TOPIX Small 2
20251230,ブレインパッド,3655,情報・通信業,0.0014%,TOPIX Small 2
20251230,ＫＬａｂ,3656,情報・通信業,0.0022%,TOPIX Small 2
20251230,ポールトゥウィンホールディングス,3657,情報・通信業,0.0010%,TOPIX Small 2
20251230,ネクソン,3659,情報・通信業,0.1961%,TOPIX Mid400
20251230,アイスタイル,3660,情報・通信業,0.0037%,TOPIX Small 1
20251230,エムアップホールディングス,3661,情報・通信業,0.0046%,TOPIX Small 1
20251230,エイチームホールディングス,3662,情報・通信業,0.0020%,TOPIX Small 2
20251230,セルシス,3663,情報・通信業,0.0047%,TOPIX Small 2
20251230,エニグモ,3665,情報・通信業,0.0011%,TOPIX Small 2
20251230,コロプラ,3668,情報・通信業,0.0030%,TOPIX Small 1
20251230,ブロードリーフ,3673,情報・通信業,0.0056%,TOPIX Small 1
20251230,デジタルハーツホールディングス,3676,情報・通信業,0.0012%,TOPIX Small 2
20251230,メディアドゥ,3678,情報・通信業,0.0013%,TOPIX Small 2
20251230,じげん,3679,情報・通信業,0.0029%,TOPIX Small 2
20251230,ブイキューブ,3681,情報・通信業,0.0003%,TOPIX Small 2
20251230,フィックスターズ,3687,情報・通信業,0.0045%,TOPIX Small 2
20251230,北里コーポレーション,368A,精密機器,0.0025%,TOPIX Small 2
20251230,オプティム,3694,情報・通信業,0.0011%,TOPIX Small 2
20251230,セレス,3696,情報・通信業,0.0018%,TOPIX Small 2
20251230,ＳＨＩＦＴ,3697,情報・通信業,0.0183%,TOPIX Mid400
20251230,特種東海製紙,3708,パルプ・紙,0.0057%,TOPIX Small 2
20251230,セック,3741,情報・通信業,0.0020%,TOPIX Small 2
20251230,テクマトリックス,3762,情報・通信業,0.0097%,TOPIX Small 1
20251230,プロシップ,3763,情報・通信業,0.0029%,TOPIX Small 2
20251230,ガンホー・オンライン・エンターテイメント,3765,情報・通信業,0.0121%,TOPIX Small 1
20251230,ＧＭＯペイメントゲートウェイ,3769,情報・通信業,0.0405%,TOPIX Mid400
20251230,システムリサーチ,3771,情報・通信業,0.0032%,TOPIX Small 2
20251230,インターネットイニシアティブ,3774,情報・通信業,0.0315%,TOPIX Mid400
20251230,さくらインターネット,3778,情報・通信業,0.0081%,TOPIX Small 1
20251230,ＧＭＯグローバルサイン・ホールディングス,3788,情報・通信業,0.0015%,TOPIX Small 2
20251230,ＳＲＡホールディングス,3817,情報・通信業,0.0062%,TOPIX Small 2
20251230,朝日ネット,3834,情報・通信業,0.0016%,TOPIX Small 2
20251230,ｅＢＡＳＥ,3835,情報・通信業,0.0011%,TOPIX Small 2
20251230,アバントグループ,3836,情報・通信業,0.0051%,TOPIX Small 2
20251230,アドソル日進,3837,情報・通信業,0.0027%,TOPIX Small 2
20251230,フリービット,3843,情報・通信業,0.0018%,TOPIX Small 2
20251230,コムチュア,3844,情報・通信業,0.0047%,TOPIX Small 1
20251230,アステリア,3853,情報・通信業,0.0015%,TOPIX Small 2
20251230,アイル,3854,情報・通信業,0.0030%,TOPIX Small 2
20251230,王子ホールディングス,3861,パルプ・紙,0.0676%,TOPIX Mid400
20251230,日本製紙,3863,パルプ・紙,0.0136%,TOPIX Small 1
20251230,北越コーポレーション,3865,パルプ・紙,0.0104%,TOPIX Small 1
20251230,大王製紙,3880,パルプ・紙,0.0098%,TOPIX Small 1
20251230,マークラインズ,3901,情報・通信業,0.0019%,TOPIX Small 2
20251230,メディカル・データ・ビジョン,3902,情報・通信業,0.0037%,TOPIX Small 2
20251230,ｇｕｍｉ,3903,情報・通信業,0.0014%,TOPIX Small 2
20251230,テラスカイ,3915,情報・通信業,0.0015%,TOPIX Small 2
20251230,デジタル・インフォメーション・テクノロジー,3916,情報・通信業,0.0031%,TOPIX Small 2
20251230,ネオジャパン,3921,情報・通信業,0.0010%,TOPIX Small 2
20251230,ＰＲ　ＴＩＭＥＳ,3922,情報・通信業,0.0012%,TOPIX Small 2
20251230,ラクス,3923,情報・通信業,0.0203%,TOPIX Mid400
20251230,ダブルスタンダード,3925,情報・通信業,0.0013%,TOPIX Small 2
20251230,オープンドア,3926,情報・通信業,0.0004%,TOPIX Small 2
20251230,アカツキ,3932,情報・通信業,0.0027%,TOPIX Small 2
20251230,Ｕｂｉｃｏｍホールディングス,3937,情報・通信業,0.0007%,TOPIX Small 2
20251230,カナミックネットワーク,3939,情報・通信業,0.0014%,TOPIX Small 2
20251230,レンゴー,3941,パルプ・紙,0.0255%,TOPIX Mid400
20251230,トーモク,3946,パルプ・紙,0.0042%,TOPIX Small 2
20251230,ザ・パック,3950,パルプ・紙,0.0054%,TOPIX Small 2
20251230,チェンジホールディングス,3962,情報・通信業,0.0040%,TOPIX Small 1
20251230,オークネット,3964,情報・通信業,0.0040%,TOPIX Small 2
20251230,オロ,3983,情報・通信業,0.0018%,TOPIX Small 2
20251230,ユーザーローカル,3984,情報・通信業,0.0020%,TOPIX Small 2
20251230,ＰＫＳＨＡ　Ｔｅｃｈｎｏｌｏｇｙ,3993,情報・通信業,0.0087%,TOPIX Small 1
20251230,マネーフォワード,3994,情報・通信業,0.0221%,TOPIX Mid400
20251230,レゾナック・ホールディングス,4004,化学,0.1309%,TOPIX Mid400
20251230,住友化学,4005,化学,0.0744%,TOPIX Mid400
20251230,住友精化,4008,化学,0.0047%,TOPIX Small 1
20251230,日産化学,4021,化学,0.0564%,TOPIX Mid400
20251230,ラサ工業,4022,化学,0.0042%,TOPIX Small 2
20251230,クレハ,4023,化学,0.0126%,TOPIX Small 1
20251230,多木化学,4025,化学,0.0031%,TOPIX Small 2
20251230,テイカ,4027,化学,0.0018%,TOPIX Small 2
20251230,石原産業,4028,化学,0.0094%,TOPIX Small 1
20251230,日本曹達,4041,化学,0.0159%,TOPIX Small 1
20251230,東ソー,4042,化学,0.0711%,TOPIX Mid400
20251230,トクヤマ,4043,化学,0.0299%,TOPIX Mid400
20251230,セントラル硝子,4044,化学,0.0091%,TOPIX Small 1
20251230,東亞合成,4045,化学,0.0144%,TOPIX Mid400
20251230,大阪ソーダ,4046,化学,0.0157%,TOPIX Small 1
20251230,関東電化工業,4047,化学,0.0044%,TOPIX Small 1
20251230,ＧＭＯフィナンシャルゲート,4051,情報・通信業,0.0018%,TOPIX Small 2
20251230,Ｓｕｎ　Ａｓｔｅｒｉｓｋ,4053,情報・通信業,0.0008%,TOPIX Small 2
20251230,デンカ,4061,化学,0.0226%,TOPIX Mid400
20251230,イビデン,4062,電気機器,0.1764%,TOPIX Mid400
20251230,信越化学工業,4063,化学,0.8996%,TOPIX Core30
20251230,日本カーバイド工業,4064,化学,0.0026%,TOPIX Small 2
20251230,プラスアルファ・コンサルティング,4071,情報・通信業,0.0063%,TOPIX Small 1
20251230,電算システムホールディングス,4072,情報・通信業,0.0033%,TOPIX Small 2
20251230,堺化学工業,4078,化学,0.0054%,TOPIX Small 1
20251230,第一稀元素化学工業,4082,化学,0.0024%,TOPIX Small 2
20251230,エア・ウォーター,4088,化学,0.0442%,TOPIX Mid400
20251230,日本酸素ホールディングス,4091,化学,0.1097%,TOPIX Mid400
20251230,日本化学工業,4092,化学,0.0023%,TOPIX Small 2
20251230,日本パーカライジング,4095,化学,0.0146%,TOPIX Small 1
20251230,高圧ガス工業,4097,化学,0.0032%,TOPIX Small 2
20251230,四国化成ホールディングス,4099,化学,0.0064%,TOPIX Small 2
20251230,オリオンビール,409A,食料品,0.0043%,TOPIX Small 2
20251230,戸田工業,4100,化学,0.0005%,TOPIX Small 2
20251230,ステラ　ケミファ,4109,化学,0.0049%,TOPIX Small 1
20251230,保土谷化学工業,4112,化学,0.0029%,TOPIX Small 2
20251230,日本触媒,4114,化学,0.0256%,TOPIX Mid400
20251230,大日精化工業,4116,化学,0.0058%,TOPIX Small 2
20251230,カネカ,4118,化学,0.0225%,TOPIX Mid400
20251230,協和キリン,4151,医薬品,0.0618%,TOPIX Mid400
20251230,ブルーゾーンホールディングス,417A,小売業,0.0221%,TOPIX Mid400
20251230,Ａｐｐｉｅｒ　Ｇｒｏｕｐ,4180,情報・通信業,0.0085%,TOPIX Small 1
20251230,三菱瓦斯化学,4182,化学,0.0419%,TOPIX Mid400
20251230,三井化学,4183,化学,0.0748%,TOPIX Mid400
20251230,東京応化工業,4186,化学,0.0575%,TOPIX Mid400
20251230,大阪有機化学工業,4187,化学,0.0069%,TOPIX Small 1
20251230,三菱ケミカルグループ,4188,化学,0.1329%,TOPIX Large70
20251230,ＫＨネオケム,4189,化学,0.0086%,TOPIX Small 1
20251230,ビジョナル,4194,情報・通信業,0.0249%,TOPIX Mid400
20251230,ダイセル,4202,化学,0.0318%,TOPIX Mid400
20251230,住友ベークライト,4203,化学,0.0375%,TOPIX Mid400
20251230,積水化学工業,4204,化学,0.1143%,TOPIX Mid400
20251230,日本ゼオン,4205,化学,0.0269%,TOPIX Mid400
20251230,アイカ工業,4206,化学,0.0184%,TOPIX Mid400
20251230,ＵＢＥ,4208,化学,0.0275%,TOPIX Mid400
20251230,積水樹脂,4212,化学,0.0053%,TOPIX Small 1
20251230,旭有機材,4216,化学,0.0075%,TOPIX Small 1
20251230,ニチバン,4218,化学,0.0026%,TOPIX Small 2
20251230,リケンテクノス,4220,化学,0.0055%,TOPIX Small 2
20251230,大倉工業,4221,化学,0.0051%,TOPIX Small 2
20251230,積水化成品工業,4228,化学,0.0013%,TOPIX Small 2
20251230,群栄化学工業,4229,化学,0.0019%,TOPIX Small 2
20251230,ダイキョーニシカワ,4246,化学,0.0035%,TOPIX Small 2
20251230,森六,4249,化学,0.0028%,TOPIX Small 2
20251230,恵和,4251,化学,0.0017%,TOPIX Small 2
20251230,日本化薬,4272,化学,0.0250%,TOPIX Mid400
20251230,カーリット,4275,化学,0.0035%,TOPIX Small 2
20251230,ＣＬホールディングス,4286,サービス業,0.0007%,TOPIX Small 2
20251230,プレステージ・インターナショナル,4290,サービス業,0.0057%,TOPIX Small 1
20251230,ハイマックス,4299,情報・通信業,0.0009%,TOPIX Small 2
20251230,テクセンドフォトマスク,429A,その他製品,0.0175%,TOPIX Small 2
20251230,アミューズ,4301,サービス業,0.0022%,TOPIX Small 2
20251230,野村総合研究所,4307,情報・通信業,0.2441%,TOPIX Large70
20251230,ドリームインキュベータ,4310,サービス業,0.0017%,TOPIX Small 2
20251230,クイック,4318,サービス業,0.0048%,TOPIX Small 2
20251230,日本システム技術,4323,情報・通信業,0.0049%,TOPIX Small 2
20251230,電通グループ,4324,サービス業,0.0685%,TOPIX Mid400
20251230,インテージホールディングス,4326,情報・通信業,0.0028%,TOPIX Small 2
20251230,テイクアンドギヴ・ニーズ,4331,サービス業,0.0008%,TOPIX Small 2
20251230,東邦システムサイエンス,4333,情報・通信業,0.0011%,TOPIX Small 2
20251230,ぴあ,4337,サービス業,0.0026%,TOPIX Small 2
20251230,イオンファンタジー,4343,サービス業,0.0028%,TOPIX Small 2
20251230,ソースネクスト,4344,情報・通信業,0.0016%,TOPIX Small 2
20251230,シーティーエス,4345,サービス業,0.0027%,TOPIX Small 2
20251230,メディカルシステムネットワーク,4350,小売業,0.0011%,TOPIX Small 2
20251230,日本精化,4362,化学,0.0037%,TOPIX Small 2
20251230,扶桑化学工業,4368,化学,0.0140%,TOPIX Small 1
20251230,トリケミカル研究所,4369,化学,0.0068%,TOPIX Small 1
20251230,シンプレクス・ホールディングス,4373,情報・通信業,0.0173%,TOPIX Small 1
20251230,ＨＥＲＯＺ,4382,情報・通信業,0.0007%,TOPIX Small 2
20251230,ラクスル,4384,情報・通信業,0.0073%,TOPIX Small 1
20251230,メルカリ,4385,情報・通信業,0.0364%,TOPIX Mid400
20251230,アイ・ピー・エス,4390,情報・通信業,0.0018%,TOPIX Small 2
20251230,システムサポートホールディングス,4396,情報・通信業,0.0021%,TOPIX Small 2
20251230,ＡＤＥＫＡ,4401,化学,0.0312%,TOPIX Mid400
20251230,日油,4403,化学,0.0718%,TOPIX Mid400
20251230,ハリマ化成グループ,4410,化学,0.0015%,TOPIX Small 2
20251230,ボードルア,4413,情報・通信業,0.0026%,TOPIX Small 2
20251230,ＮＥ,441A,情報・通信業,0.0007%,TOPIX Small 2
20251230,イーソル,4420,情報・通信業,0.0007%,TOPIX Small 2
20251230,ウイングアーク１ｓｔ,4432,情報・通信業,0.0079%,TOPIX Small 1
20251230,ヒト・コミュニケーションズ・ホールディングス,4433,情報・通信業,0.0009%,TOPIX Small 2
20251230,サーバーワークス,4434,情報・通信業,0.0008%,TOPIX Small 2
20251230,Ｓａｎｓａｎ,4443,情報・通信業,0.0102%,TOPIX Small 1
20251230,ギフティ,4449,情報・通信業,0.0020%,TOPIX Small 2
20251230,花王,4452,化学,0.3165%,TOPIX Large70
20251230,第一工業製薬,4461,化学,0.0068%,TOPIX Small 2
20251230,石原ケミカル,4462,化学,0.0020%,TOPIX Small 2
20251230,三洋化成工業,4471,化学,0.0067%,TOPIX Small 1
20251230,メドレー,4480,情報・通信業,0.0060%,TOPIX Small 1
20251230,ベース,4481,情報・通信業,0.0028%,TOPIX Small 2
20251230,ＪＭＤＣ,4483,情報・通信業,0.0121%,TOPIX Small 1
20251230,武田薬品工業,4502,医薬品,0.8943%,TOPIX Core30
20251230,アステラス製薬,4503,医薬品,0.3816%,TOPIX Large70
20251230,住友ファーマ,4506,医薬品,0.0429%,TOPIX Mid400
20251230,塩野義製薬,4507,医薬品,0.2155%,TOPIX Large70
20251230,日本新薬,4516,医薬品,0.0308%,TOPIX Mid400
20251230,中外製薬,4519,医薬品,0.5363%,TOPIX Large70
20251230,科研製薬,4521,医薬品,0.0124%,TOPIX Small 1
20251230,エーザイ,4523,医薬品,0.1264%,TOPIX Mid400
20251230,理研ビタミン,4526,食料品,0.0053%,TOPIX Small 2
20251230,ロート製薬,4527,医薬品,0.0577%,TOPIX Mid400
20251230,小野薬品工業,4528,医薬品,0.1008%,TOPIX Mid400
20251230,久光製薬,4530,医薬品,0.0205%,TOPIX Mid400
20251230,持田製薬,4534,医薬品,0.0090%,TOPIX Small 2
20251230,参天製薬,4536,医薬品,0.0569%,TOPIX Mid400
20251230,扶桑薬品工業,4538,医薬品,0.0019%,TOPIX Small 2
20251230,ツムラ,4540,医薬品,0.0291%,TOPIX Mid400
20251230,テルモ,4543,精密機器,0.3126%,TOPIX Large70
20251230,Ｈ．Ｕ．グループホールディングス,4544,サービス業,0.0226%,TOPIX Mid400
20251230,キッセイ薬品工業,4547,医薬品,0.0151%,TOPIX Small 1
20251230,生化学工業,4548,医薬品,0.0025%,TOPIX Small 2
20251230,栄研化学,4549,医薬品,0.0071%,TOPIX Small 1
20251230,ＪＣＲファーマ,4552,医薬品,0.0064%,TOPIX Small 1
20251230,東和薬品,4553,医薬品,0.0102%,TOPIX Small 1
20251230,富士製薬工業,4554,医薬品,0.0029%,TOPIX Small 2
20251230,ゼリア新薬工業,4559,医薬品,0.0058%,TOPIX Small 1
20251230,ネクセラファーマ,4565,医薬品,0.0075%,TOPIX Small 1
20251230,第一三共,4568,医薬品,0.6390%,TOPIX Core30
20251230,杏林製薬,4569,医薬品,0.0064%,TOPIX Small 1
20251230,大幸薬品,4574,医薬品,0.0013%,TOPIX Small 2
20251230,ダイト,4577,医薬品,0.0038%,TOPIX Small 2
20251230,大塚ホールディングス,4578,医薬品,0.4107%,TOPIX Large70
20251230,ペプチドリーム,4587,医薬品,0.0167%,TOPIX Mid400
20251230,大日本塗料,4611,化学,0.0031%,TOPIX Small 2
20251230,日本ペイントホールディングス,4612,化学,0.1155%,TOPIX Mid400
20251230,関西ペイント,4613,化学,0.0410%,TOPIX Mid400
20251230,中国塗料,4617,化学,0.0188%,TOPIX Small 1
20251230,藤倉化成,4620,化学,0.0015%,TOPIX Small 2
20251230,太陽ホールディングス,4626,化学,0.0474%,TOPIX Mid400
20251230,ＤＩＣ,4631,化学,0.0269%,TOPIX Mid400
20251230,サカタインクス,4633,化学,0.0109%,TOPIX Small 1
20251230,ａｒｔｉｅｎｃｅ,4634,化学,0.0134%,TOPIX Small 1
20251230,アルプス技研,4641,サービス業,0.0048%,TOPIX Small 2
20251230,サニックスホールディングス,4651,サービス業,0.0006%,TOPIX Small 2
20251230,日本空調サービス,4658,サービス業,0.0030%,TOPIX Small 2
20251230,オリエンタルランド,4661,サービス業,0.3640%,TOPIX Large70
20251230,フォーカスシステムズ,4662,情報・通信業,0.0025%,TOPIX Small 2
20251230,ダスキン,4665,サービス業,0.0206%,TOPIX Mid400
20251230,パーク２４,4666,不動産業,0.0305%,TOPIX Mid400
20251230,明光ネットワークジャパン,4668,サービス業,0.0020%,TOPIX Small 2
20251230,ファルコホールディングス,4671,サービス業,0.0022%,TOPIX Small 2
20251230,クレスコ,4674,情報・通信業,0.0063%,TOPIX Small 2
20251230,フジ・メディア・ホールディングス,4676,情報・通信業,0.0603%,TOPIX Mid400
20251230,ラウンドワン,4680,サービス業,0.0226%,TOPIX Mid400
20251230,リゾートトラスト,4681,サービス業,0.0396%,TOPIX Mid400
20251230,オービック,4684,情報・通信業,0.1900%,TOPIX Mid400
20251230,ジャストシステム,4686,情報・通信業,0.0151%,TOPIX Small 1
20251230,ＴＤＣソフト,4687,情報・通信業,0.0053%,TOPIX Small 2
20251230,ＬＩＮＥヤフー,4689,情報・通信業,0.1335%,TOPIX Large70
20251230,ビー・エム・エル,4694,サービス業,0.0110%,TOPIX Small 1
20251230,トレンドマイクロ,4704,情報・通信業,0.0781%,TOPIX Mid400
20251230,ＩＤホールディングス,4709,情報・通信業,0.0029%,TOPIX Small 2
20251230,リソー教育グループ,4714,サービス業,0.0013%,TOPIX Small 2
20251230,日本オラクル,4716,情報・通信業,0.0525%,TOPIX Mid400
20251230,早稲田アカデミー,4718,サービス業,0.0023%,TOPIX Small 2
20251230,アルファシステムズ,4719,情報・通信業,0.0026%,TOPIX Small 2
20251230,フューチャー,4722,情報・通信業,0.0088%,TOPIX Small 1
20251230,ＣＡＣ　Ｈｏｌｄｉｎｇｓ,4725,情報・通信業,0.0026%,TOPIX Small 2
20251230,ユー・エス・エス,4732,サービス業,0.0694%,TOPIX Mid400
20251230,オービックビジネスコンサルタント,4733,情報・通信業,0.0296%,TOPIX Mid400
20251230,アイティフォー,4743,情報・通信業,0.0037%,TOPIX Small 2
20251230,東計電算,4746,情報・通信業,0.0023%,TOPIX Small 2
20251230,サイバーエージェント,4751,サービス業,0.0578%,TOPIX Mid400
20251230,楽天グループ,4755,サービス業,0.1688%,TOPIX Mid400
20251230,クリーク・アンド・リバー社,4763,サービス業,0.0019%,TOPIX Small 2
20251230,ＳＢＩグローバルアセットマネジメント,4765,サービス業,0.0024%,TOPIX Small 2
20251230,テー・オー・ダブリュー,4767,サービス業,0.0014%,TOPIX Small 2
20251230,大塚商会,4768,情報・通信業,0.0761%,TOPIX Mid400
20251230,サイボウズ,4776,情報・通信業,0.0081%,TOPIX Small 1
20251230,ＧＭＯインターネット,4784,サービス業,0.0005%,TOPIX Small 2
20251230,山田コンサルティンググループ,4792,サービス業,0.0016%,TOPIX Small 2
20251230,セントラルスポーツ,4801,サービス業,0.0022%,TOPIX Small 2
20251230,パラカ,4809,不動産業,0.0012%,TOPIX Small 2
20251230,電通総研,4812,情報・通信業,0.0207%,TOPIX Small 1
20251230,デジタルガレージ,4819,情報・通信業,0.0080%,TOPIX Small 1
20251230,イーエムシステムズ,4820,情報・通信業,0.0022%,TOPIX Small 2
20251230,ウェザーニューズ,4825,情報・通信業,0.0065%,TOPIX Small 1
20251230,ＣＩＪ,4826,情報・通信業,0.0029%,TOPIX Small 2
20251230,ビジネスエンジニアリング,4828,情報・通信業,0.0042%,TOPIX Small 2
20251230,ＷＯＷＯＷ,4839,情報・通信業,0.0023%,TOPIX Small 2
20251230,スカラ,4845,情報・通信業,0.0007%,TOPIX Small 2
20251230,フルキャストホールディングス,4848,サービス業,0.0027%,TOPIX Small 2
20251230,エン,4849,サービス業,0.0053%,TOPIX Small 1
20251230,セルソース,4880,医薬品,0.0005%,TOPIX Small 2
20251230,あすか製薬ホールディングス,4886,医薬品,0.0041%,TOPIX Small 2
20251230,サワイグループホールディングス,4887,医薬品,0.0253%,TOPIX Mid400
20251230,富士フイルムホールディングス,4901,化学,0.4191%,TOPIX Large70
20251230,コニカミノルタ,4902,電気機器,0.0318%,TOPIX Mid400
20251230,資生堂,4911,化学,0.0918%,TOPIX Mid400
20251230,ライオン,4912,化学,0.0393%,TOPIX Mid400
20251230,高砂香料工業,4914,化学,0.0115%,TOPIX Small 1
20251230,マンダム,4917,化学,0.0122%,TOPIX Small 1
20251230,ミルボン,4919,化学,0.0081%,TOPIX Small 1
20251230,コーセー,4922,化学,0.0246%,TOPIX Mid400
20251230,コタ,4923,化学,0.0026%,TOPIX Small 2
20251230,ポーラ・オルビスホールディングス,4927,化学,0.0139%,TOPIX Mid400
20251230,ノエビアホールディングス,4928,化学,0.0085%,TOPIX Small 1
20251230,新日本製薬,4931,化学,0.0024%,TOPIX Small 2
20251230,Ｉ−ｎｅ,4933,化学,0.0007%,TOPIX Small 2
20251230,アクシージア,4936,化学,0.0005%,TOPIX Small 2
20251230,エステー,4951,化学,0.0030%,TOPIX Small 2
20251230,コニシ,4956,化学,0.0087%,TOPIX Small 2
20251230,長谷川香料,4958,化学,0.0112%,TOPIX Small 1
20251230,小林製薬,4967,化学,0.0296%,TOPIX Mid400
20251230,荒川化学工業,4968,化学,0.0021%,TOPIX Small 2
20251230,メック,4971,化学,0.0077%,TOPIX Small 1
20251230,日本高純度化学,4973,化学,0.0018%,TOPIX Small 2
20251230,タカラバイオ,4974,化学,0.0045%,TOPIX Small 1
20251230,ＪＣＵ,4975,化学,0.0111%,TOPIX Small 1
20251230,ＯＡＴアグリオ,4979,化学,0.0017%,TOPIX Small 2
20251230,デクセリアルズ,4980,化学,0.0467%,TOPIX Mid400
20251230,アース製薬,4985,化学,0.0094%,TOPIX Small 1
20251230,北興化学工業,4992,化学,0.0025%,TOPIX Small 2
20251230,大成ラミックグループ,4994,化学,0.0016%,TOPIX Small 2
20251230,クミアイ化学工業,4996,化学,0.0065%,TOPIX Small 1
20251230,日本農薬,4997,化学,0.0032%,TOPIX Small 2
20251230,ニチレキグループ,5011,石油・石炭製品,0.0054%,TOPIX Small 2
20251230,ユシロ,5013,石油・石炭製品,0.0030%,TOPIX Small 2
20251230,ＪＸ金属,5016,非鉄金属,0.1164%,TOPIX Mid400
20251230,出光興産,5019,石油・石炭製品,0.1063%,TOPIX Mid400
20251230,ＥＮＥＯＳホールディングス,5020,石油・石炭製品,0.3251%,TOPIX Large70
20251230,コスモエネルギーホールディングス,5021,石油・石炭製品,0.0481%,TOPIX Mid400
20251230,ＡＮＹＣＯＬＯＲ,5032,情報・通信業,0.0138%,TOPIX Small 1
20251230,日本ビジネスシステムズ,5036,情報・通信業,0.0019%,TOPIX Small 2
20251230,テスホールディングス,5074,建設業,0.0017%,TOPIX Small 2
20251230,インフロニア・ホールディングス,5076,建設業,0.0455%,TOPIX Mid400
20251230,横浜ゴム,5101,ゴム製品,0.0698%,TOPIX Mid400
20251230,ＴＯＹＯ　ＴＩＲＥ,5105,ゴム製品,0.0570%,TOPIX Mid400
20251230,ブリヂストン,5108,ゴム製品,0.4276%,TOPIX Large70
20251230,住友ゴム工業,5110,ゴム製品,0.0541%,TOPIX Mid400
20251230,藤倉コンポジット,5121,ゴム製品,0.0035%,TOPIX Small 2
20251230,オカモト,5122,ゴム製品,0.0060%,TOPIX Small 2
20251230,アキレス,5142,化学,0.0016%,TOPIX Small 2
20251230,フコク,5185,ゴム製品,0.0021%,TOPIX Small 2
20251230,ニッタ,5186,ゴム製品,0.0086%,TOPIX Small 2
20251230,三ツ星ベルト,5192,ゴム製品,0.0104%,TOPIX Small 1
20251230,バンドー化学,5195,ゴム製品,0.0063%,TOPIX Small 2
20251230,ＡＧＣ,5201,ガラス・土石製品,0.1050%,TOPIX Mid400
20251230,日本板硝子,5202,ガラス・土石製品,0.0068%,TOPIX Small 1
20251230,有沢製作所,5208,化学,0.0063%,TOPIX Small 1
20251230,日本電気硝子,5214,ガラス・土石製品,0.0427%,TOPIX Mid400
20251230,オハラ,5218,ガラス・土石製品,0.0008%,TOPIX Small 2
20251230,住友大阪セメント,5232,ガラス・土石製品,0.0137%,TOPIX Mid400
20251230,太平洋セメント,5233,ガラス・土石製品,0.0498%,TOPIX Mid400
20251230,日本ヒューム,5262,ガラス・土石製品,0.0055%,TOPIX Small 1
20251230,日本コンクリート工業,5269,ガラス・土石製品,0.0013%,TOPIX Small 2
20251230,三谷セキサン,5273,ガラス・土石製品,0.0070%,TOPIX Small 2
20251230,アジアパイルホールディングス,5288,ガラス・土石製品,0.0046%,TOPIX Small 2
20251230,東海カーボン,5301,ガラス・土石製品,0.0203%,TOPIX Mid400
20251230,日本カーボン,5302,ガラス・土石製品,0.0053%,TOPIX Small 1
20251230,東洋炭素,5310,ガラス・土石製品,0.0086%,TOPIX Small 1
20251230,ノリタケ,5331,ガラス・土石製品,0.0124%,TOPIX Small 1
20251230,ＴＯＴＯ,5332,ガラス・土石製品,0.0559%,TOPIX Mid400
20251230,日本碍子,5333,ガラス・土石製品,0.0774%,TOPIX Mid400
20251230,日本特殊陶業,5334,ガラス・土石製品,0.1171%,TOPIX Mid400
20251230,ＭＡＲＵＷＡ,5344,ガラス・土石製品,0.0368%,TOPIX Mid400
20251230,品川リフラ,5351,ガラス・土石製品,0.0054%,TOPIX Small 1
20251230,黒崎播磨,5352,ガラス・土石製品,0.0071%,TOPIX Small 1
20251230,ヨータイ,5357,ガラス・土石製品,0.0022%,TOPIX Small 2
20251230,フジミインコーポレーテッド,5384,ガラス・土石製品,0.0147%,TOPIX Small 1
20251230,ニチアス,5393,ガラス・土石製品,0.0392%,TOPIX Mid400
20251230,日本製鉄,5401,鉄鋼,0.3742%,TOPIX Large70
20251230,神戸製鋼所,5406,鉄鋼,0.0891%,TOPIX Mid400
20251230,中山製鋼所,5408,鉄鋼,0.0027%,TOPIX Small 2
20251230,合同製鐵,5410,鉄鋼,0.0047%,TOPIX Small 1
20251230,ＪＦＥホールディングス,5411,鉄鋼,0.1386%,TOPIX Mid400
20251230,東京製鐵,5423,鉄鋼,0.0088%,TOPIX Small 1
20251230,共英製鋼,5440,鉄鋼,0.0060%,TOPIX Small 1
20251230,大和工業,5444,鉄鋼,0.0411%,TOPIX Mid400
20251230,東京鐵鋼,5445,鉄鋼,0.0054%,TOPIX Small 1
20251230,大阪製鐵,5449,鉄鋼,0.0027%,TOPIX Small 2
20251230,ヨドコウ,5451,鉄鋼,0.0168%,TOPIX Small 1
20251230,中部鋼鈑,5461,鉄鋼,0.0044%,TOPIX Small 1
20251230,丸一鋼管,5463,鉄鋼,0.0312%,TOPIX Mid400
20251230,モリ工業,5464,鉄鋼,0.0025%,TOPIX Small 2
20251230,大同特殊鋼,5471,鉄鋼,0.0242%,TOPIX Mid400
20251230,日本冶金工業,5480,鉄鋼,0.0065%,TOPIX Small 1
20251230,愛知製鋼,5482,鉄鋼,0.0117%,TOPIX Small 1
20251230,大平洋金属,5541,鉄鋼,0.0041%,TOPIX Small 2
20251230,新日本電工,5563,鉄鋼,0.0042%,TOPIX Small 1
20251230,栗本鐵工所,5602,鉄鋼,0.0083%,TOPIX Small 1
20251230,日本製鋼所,5631,機械,0.0487%,TOPIX Mid400
20251230,三菱製鋼,5632,鉄鋼,0.0027%,TOPIX Small 2
20251230,日本精線,5659,鉄鋼,0.0020%,TOPIX Small 2
20251230,エンビプロ・ホールディングス,5698,鉄鋼,0.0013%,TOPIX Small 2
20251230,大紀アルミニウム工業所,5702,非鉄金属,0.0037%,TOPIX Small 1
20251230,日本軽金属ホールディングス,5703,非鉄金属,0.0159%,TOPIX Small 1
20251230,三井金属,5706,非鉄金属,0.0942%,TOPIX Mid400
20251230,東邦亜鉛,5707,非鉄金属,0.0018%,TOPIX Small 2
20251230,三菱マテリアル,5711,非鉄金属,0.0524%,TOPIX Mid400
20251230,住友金属鉱山,5713,非鉄金属,0.1863%,TOPIX Mid400
20251230,ＤＯＷＡホールディングス,5714,非鉄金属,0.0428%,TOPIX Mid400
20251230,古河機械金属,5715,非鉄金属,0.0098%,TOPIX Small 1
20251230,大阪チタニウムテクノロジーズ,5726,非鉄金属,0.0070%,TOPIX Small 1
20251230,東邦チタニウム,5727,非鉄金属,0.0051%,TOPIX Small 1
20251230,ＵＡＣＪ,5741,非鉄金属,0.0274%,TOPIX Small 1
20251230,ＣＫサンエツ,5757,非鉄金属,0.0021%,TOPIX Small 2
20251230,古河電気工業,5801,非鉄金属,0.0713%,TOPIX Mid400
20251230,住友電気工業,5802,非鉄金属,0.4670%,TOPIX Large70
20251230,フジクラ,5803,非鉄金属,0.4799%,TOPIX Large70
20251230,ＳＷＣＣ,5805,非鉄金属,0.0321%,TOPIX Small 1
20251230,平河ヒューテック,5821,非鉄金属,0.0035%,TOPIX Small 2
20251230,いよぎんホールディングス,5830,銀行業,0.0682%,TOPIX Mid400
20251230,しずおかフィナンシャルグループ,5831,銀行業,0.1093%,TOPIX Mid400
20251230,ちゅうぎんフィナンシャルグループ,5832,銀行業,0.0425%,TOPIX Mid400
20251230,楽天銀行,5838,銀行業,0.0748%,TOPIX Mid400
20251230,京都フィナンシャルグループ,5844,銀行業,0.0961%,TOPIX Mid400
20251230,リョービ,5851,非鉄金属,0.0069%,TOPIX Small 1
20251230,ＡＲＥホールディングス,5857,非鉄金属,0.0276%,TOPIX Small 1
20251230,Ｊａｐａｎ　Ｅｙｅｗｅａｒ　Ｈｏｌｄｉｎｇｓ,5889,小売業,0.0014%,TOPIX Small 2
20251230,東洋製罐グループホールディングス,5901,金属製品,0.0409%,TOPIX Mid400
20251230,ホッカンホールディングス,5902,金属製品,0.0027%,TOPIX Small 2
20251230,コロナ,5909,金属製品,0.0011%,TOPIX Small 2
20251230,横河ブリッジホールディングス,5911,金属製品,0.0111%,TOPIX Small 1
20251230,三和ホールディングス,5929,金属製品,0.0838%,TOPIX Mid400
20251230,文化シヤッター,5930,金属製品,0.0137%,TOPIX Small 1
20251230,三協立山,5932,金属製品,0.0017%,TOPIX Small 2
20251230,アルインコ,5933,金属製品,0.0018%,TOPIX Small 2
20251230,ＬＩＸＩＬ,5938,金属製品,0.0633%,TOPIX Mid400
20251230,ノーリツ,5943,金属製品,0.0075%,TOPIX Small 1
20251230,長府製作所,5946,金属製品,0.0043%,TOPIX Small 2
20251230,リンナイ,5947,金属製品,0.0442%,TOPIX Mid400
20251230,ユニプレス,5949,輸送用機器,0.0049%,TOPIX Small 1
20251230,日東精工,5957,金属製品,0.0020%,TOPIX Small 2
20251230,岡部,5959,金属製品,0.0037%,TOPIX Small 2
20251230,ジーテクト,5970,金属製品,0.0053%,TOPIX Small 1
20251230,東プレ,5975,金属製品,0.0089%,TOPIX Small 1
20251230,高周波熱錬,5976,金属製品,0.0041%,TOPIX Small 2
20251230,東京製綱,5981,金属製品,0.0021%,TOPIX Small 2
20251230,サンコール,5985,金属製品,0.0019%,TOPIX Small 2
20251230,パイオラックス,5988,金属製品,0.0040%,TOPIX Small 1
20251230,エイチワン,5989,金属製品,0.0031%,TOPIX Small 2
20251230,日本発條,5991,金属製品,0.0406%,TOPIX Mid400
20251230,中央発條,5992,金属製品,0.0049%,TOPIX Small 2
20251230,三浦工業,6005,機械,0.0295%,TOPIX Mid400
20251230,タクマ,6013,機械,0.0155%,TOPIX Small 1
20251230,アイ・アールジャパンホールディングス,6035,サービス業,0.0009%,TOPIX Small 2
20251230,ＫｅｅＰｅｒ技研,6036,サービス業,0.0046%,TOPIX Small 1
20251230,Ｇｕｎｏｓｙ,6047,サービス業,0.0009%,TOPIX Small 2
20251230,イー・ガーディアン,6050,サービス業,0.0011%,TOPIX Small 2
20251230,ジャパンマテリアル,6055,サービス業,0.0101%,TOPIX Small 1
20251230,ベクトル,6058,サービス業,0.0035%,TOPIX Small 2
20251230,チャーム・ケア・コーポレーション,6062,サービス業,0.0023%,TOPIX Small 2
20251230,キャリアリンク,6070,サービス業,0.0020%,TOPIX Small 2
20251230,ＩＢＪ,6071,サービス業,0.0013%,TOPIX Small 2
20251230,アサンテ,6073,サービス業,0.0017%,TOPIX Small 2
20251230,バリューＨＲ,6078,サービス業,0.0030%,TOPIX Small 2
20251230,Ｍ＆Ａキャピタルパートナーズ,6080,サービス業,0.0058%,TOPIX Small 1
20251230,ライドオンエクスプレスホールディングス,6082,サービス業,0.0009%,TOPIX Small 2
20251230,シグマクシス・ホールディングス,6088,サービス業,0.0050%,TOPIX Small 1
20251230,ウィルグループ,6089,サービス業,0.0024%,TOPIX Small 2
20251230,リクルートホールディングス,6098,サービス業,1.3940%,TOPIX Core30
20251230,エラン,6099,サービス業,0.0014%,TOPIX Small 2
20251230,ツガミ,6101,機械,0.0128%,TOPIX Small 1
20251230,オークマ,6103,機械,0.0133%,TOPIX Small 1
20251230,芝浦機械,6104,機械,0.0107%,TOPIX Small 1
20251230,アマダ,6113,機械,0.0565%,TOPIX Mid400
20251230,アイダエンジニアリング,6118,機械,0.0047%,TOPIX Small 1
20251230,ＦＵＪＩ,6134,機械,0.0304%,TOPIX Mid400
20251230,牧野フライス製作所,6135,機械,0.0234%,TOPIX Small 1
20251230,オーエスジー,6136,機械,0.0170%,TOPIX Mid400
20251230,旭ダイヤモンド工業,6140,機械,0.0042%,TOPIX Small 1
20251230,ＤＭＧ森精機,6141,機械,0.0378%,TOPIX Mid400
20251230,ソディック,6143,機械,0.0049%,TOPIX Small 1
20251230,ディスコ,6146,機械,0.4858%,TOPIX Large70
20251230,日東工器,6151,機械,0.0014%,TOPIX Small 2
20251230,日進工具,6157,機械,0.0015%,TOPIX Small 2
20251230,冨士ダイス,6167,機械,0.0014%,TOPIX Small 2
20251230,日本郵政,6178,サービス業,0.3167%,TOPIX Large70
20251230,ベルシステム２４ホールディングス,6183,サービス業,0.0042%,TOPIX Small 2
20251230,鎌倉新書,6184,サービス業,0.0013%,TOPIX Small 2
20251230,エアトリ,6191,サービス業,0.0013%,TOPIX Small 2
20251230,アトラエ,6194,サービス業,0.0011%,TOPIX Small 2
20251230,ストライク,6196,サービス業,0.0043%,TOPIX Small 1
20251230,ソラスト,6197,サービス業,0.0044%,TOPIX Small 2
20251230,セラク,6199,サービス業,0.0010%,TOPIX Small 2
20251230,インソース,6200,サービス業,0.0040%,TOPIX Small 1
20251230,豊田自動織機,6201,輸送用機器,0.3147%,TOPIX Large70
20251230,リケンＮＰＲ,6209,機械,0.0087%,TOPIX Small 1
20251230,島精機製作所,6222,機械,0.0033%,TOPIX Small 1
20251230,オプトラン,6235,機械,0.0066%,TOPIX Small 1
20251230,イワキ,6237,機械,0.0037%,TOPIX Small 2
20251230,フリュー,6238,機械,0.0023%,TOPIX Small 2
20251230,ヤマシンフィルタ,6240,機械,0.0026%,TOPIX Small 2
20251230,日阪製作所,6247,機械,0.0038%,TOPIX Small 2
20251230,やまびこ,6250,機械,0.0102%,TOPIX Small 1
20251230,野村マイクロ・サイエンス,6254,機械,0.0113%,TOPIX Small 1
20251230,平田機工,6258,機械,0.0071%,TOPIX Small 1
20251230,ＰＥＧＡＳＵＳ,6262,機械,0.0018%,TOPIX Small 2
20251230,マルマエ,6264,機械,0.0019%,TOPIX Small 2
20251230,タツモ,6266,機械,0.0028%,TOPIX Small 2
20251230,ナブテスコ,6268,機械,0.0457%,TOPIX Mid400
20251230,三井海洋開発,6269,機械,0.0630%,TOPIX Mid400
20251230,レオン自動機,6272,機械,0.0035%,TOPIX Small 2
20251230,ＳＭＣ,6273,機械,0.3235%,TOPIX Large70
20251230,ホソカワミクロン,6277,機械,0.0089%,TOPIX Small 1
20251230,ユニオンツール,6278,機械,0.0078%,TOPIX Small 1
20251230,瑞光,6279,機械,0.0018%,TOPIX Small 2
20251230,オイレス工業,6282,機械,0.0061%,TOPIX Small 1
20251230,日精エー・エス・ビー機械,6284,機械,0.0051%,TOPIX Small 1
20251230,サトー,6287,機械,0.0069%,TOPIX Small 1
20251230,技研製作所,6289,機械,0.0037%,TOPIX Small 2
20251230,日本エアーテック,6291,機械,0.0011%,TOPIX Small 2
20251230,日精樹脂工業,6293,機械,0.0012%,TOPIX Small 2
20251230,ワイエイシイホールディングス,6298,機械,0.0019%,TOPIX Small 2
20251230,小松製作所,6301,機械,0.5159%,TOPIX Large70
20251230,住友重機械工業,6302,機械,0.0514%,TOPIX Mid400
20251230,日立建機,6305,機械,0.0386%,TOPIX Mid400
20251230,日工,6306,機械,0.0032%,TOPIX Small 2
20251230,巴工業,6309,機械,0.0042%,TOPIX Small 2
20251230,井関農機,6310,機械,0.0036%,TOPIX Small 2
20251230,ＴＯＷＡ,6315,機械,0.0163%,TOPIX Small 1
20251230,北川鉄工所,6317,機械,0.0014%,TOPIX Small 2
20251230,ローツェ,6323,機械,0.0277%,TOPIX Mid400
20251230,クボタ,6326,機械,0.2372%,TOPIX Large70
20251230,荏原実業,6328,機械,0.0047%,TOPIX Small 2
20251230,東洋エンジニアリング,6330,建設業,0.0092%,TOPIX Small 2
20251230,三菱化工機,6331,機械,0.0071%,TOPIX Small 1
20251230,月島ホールディングス,6332,機械,0.0087%,TOPIX Small 1
20251230,帝国電機製作所,6333,機械,0.0044%,TOPIX Small 2
20251230,新東工業,6339,機械,0.0046%,TOPIX Small 2
20251230,澁谷工業,6340,機械,0.0068%,TOPIX Small 2
20251230,アイチ　コーポレーション,6345,機械,0.0047%,TOPIX Small 2
20251230,小森コーポレーション,6349,機械,0.0079%,TOPIX Small 1
20251230,鶴見製作所,6351,機械,0.0063%,TOPIX Small 2
20251230,酒井重工業,6358,機械,0.0017%,TOPIX Small 2
20251230,荏原製作所,6361,機械,0.1584%,TOPIX Mid400
20251230,酉島製作所,6363,機械,0.0032%,TOPIX Small 1
20251230,ＡＩＲＭＡＮ,6364,機械,0.0038%,TOPIX Small 2
20251230,ダイキン工業,6367,機械,0.5474%,TOPIX Core30
20251230,オルガノ,6368,機械,0.0372%,TOPIX Mid400
20251230,トーヨーカネツ,6369,機械,0.0043%,TOPIX Small 2
20251230,栗田工業,6370,機械,0.0800%,TOPIX Mid400
20251230,椿本チエイン,6371,機械,0.0209%,TOPIX Small 1
20251230,日機装,6376,精密機器,0.0077%,TOPIX Small 1
20251230,木村化工機,6378,機械,0.0019%,TOPIX Small 2
20251230,レイズネクスト,6379,建設業,0.0071%,TOPIX Small 2
20251230,アネスト岩田,6381,機械,0.0063%,TOPIX Small 2
20251230,ダイフク,6383,機械,0.1741%,TOPIX Mid400
20251230,サムコ,6387,機械,0.0026%,TOPIX Small 2
20251230,タダノ,6395,機械,0.0117%,TOPIX Small 1
20251230,フジテック,6406,機械,0.0104%,TOPIX Mid400
20251230,ＣＫＤ,6407,機械,0.0193%,TOPIX Small 1
20251230,平和,6412,機械,0.0126%,TOPIX Small 1
20251230,理想科学工業,6413,機械,0.0042%,TOPIX Small 2
20251230,ＳＡＮＫＹＯ,6417,機械,0.0563%,TOPIX Mid400
20251230,日本金銭機械,6418,機械,0.0026%,TOPIX Small 2
20251230,マースグループホールディングス,6419,機械,0.0056%,TOPIX Small 1
20251230,ガリレイ,6420,機械,0.0117%,TOPIX Small 1
20251230,ダイコク電機,6430,機械,0.0030%,TOPIX Small 2
20251230,竹内製作所,6432,機械,0.0256%,TOPIX Small 1
20251230,アマノ,6436,機械,0.0232%,TOPIX Mid400
20251230,ＪＵＫＩ,6440,機械,0.0016%,TOPIX Small 2
20251230,ジャノメ,6445,機械,0.0018%,TOPIX Small 2
20251230,ブラザー工業,6448,電気機器,0.0811%,TOPIX Mid400
20251230,マックス,6454,機械,0.0199%,TOPIX Small 1
20251230,モリタホールディングス,6455,輸送用機器,0.0090%,TOPIX Small 2
20251230,グローリー,6457,機械,0.0217%,TOPIX Mid400
20251230,新晃工業,6458,機械,0.0080%,TOPIX Small 1
20251230,大和冷機工業,6459,機械,0.0051%,TOPIX Small 2
20251230,セガサミーホールディングス,6460,機械,0.0420%,TOPIX Mid400
20251230,ＴＰＲ,6463,機械,0.0062%,TOPIX Small 1
20251230,ツバキ・ナカシマ,6464,機械,0.0017%,TOPIX Small 2
20251230,ホシザキ,6465,機械,0.0702%,TOPIX Mid400
20251230,大豊工業,6470,機械,0.0013%,TOPIX Small 2
20251230,日本精工,6471,機械,0.0378%,TOPIX Mid400
20251230,ＮＴＮ,6472,機械,0.0185%,TOPIX Mid400
20251230,ジェイテクト,6473,機械,0.0343%,TOPIX Mid400
20251230,不二越,6474,機械,0.0067%,TOPIX Small 1
20251230,ミネベアミツミ,6479,電気機器,0.1144%,TOPIX Mid400
20251230,日本トムソン,6480,機械,0.0047%,TOPIX Small 2
20251230,ＴＨＫ,6481,機械,0.0444%,TOPIX Mid400
20251230,ＹＵＳＨＩＮ,6482,機械,0.0012%,TOPIX Small 2
20251230,前澤給装工業,6485,機械,0.0024%,TOPIX Small 2
20251230,イーグル工業,6486,機械,0.0066%,TOPIX Small 1
20251230,ＰＩＬＬＡＲ,6490,機械,0.0093%,TOPIX Small 1
20251230,キッツ,6498,機械,0.0130%,TOPIX Small 1
20251230,日立製作所,6501,電気機器,2.6109%,TOPIX Core30
20251230,三菱電機,6503,電気機器,1.0513%,TOPIX Core30
20251230,富士電機,6504,電気機器,0.1782%,TOPIX Mid400
20251230,安川電機,6506,電気機器,0.1081%,TOPIX Mid400
20251230,シンフォニアテクノロジー,6507,電気機器,0.0209%,TOPIX Small 1
20251230,明電舎,6508,電気機器,0.0216%,TOPIX Small 1
20251230,山洋電気,6516,電気機器,0.0101%,TOPIX Small 1
20251230,デンヨー,6517,電気機器,0.0055%,TOPIX Small 2
20251230,ＰＨＣホールディングス,6523,電気機器,0.0044%,TOPIX Small 1
20251230,ＫＯＫＵＳＡＩ　ＥＬＥＣＴＲＩＣ,6525,電気機器,0.1318%,TOPIX Mid400
20251230,ソシオネクスト,6526,電気機器,0.0397%,TOPIX Mid400
20251230,ベイカレント,6532,サービス業,0.1018%,TOPIX Mid400
20251230,Ｏｒｃｈｅｓｔｒａ　Ｈｏｌｄｉｎｇｓ,6533,サービス業,0.0005%,TOPIX Small 2
20251230,アイモバイル,6535,サービス業,0.0016%,TOPIX Small 2
20251230,ＭＳ−Ｊａｐａｎ,6539,サービス業,0.0014%,TOPIX Small 2
20251230,ジャパンエレベーターサービスホールディングス,6544,サービス業,0.0312%,TOPIX Mid400
20251230,エル・ティー・エス,6560,サービス業,0.0006%,TOPIX Small 2
20251230,ミダックホールディングス,6564,サービス業,0.0021%,TOPIX Small 2
20251230,キュービーネットホールディングス,6571,サービス業,0.0017%,TOPIX Small 2
20251230,オープングループ,6572,サービス業,0.0009%,TOPIX Small 2
20251230,三櫻工業,6584,輸送用機器,0.0027%,TOPIX Small 2
20251230,マキタ,6586,機械,0.1234%,TOPIX Mid400
20251230,東芝テック,6588,電気機器,0.0073%,TOPIX Small 1
20251230,芝浦メカトロニクス,6590,電気機器,0.0246%,TOPIX Small 1
20251230,マブチモーター,6592,電気機器,0.0291%,TOPIX Mid400
20251230,ユー・エム・シー・エレクトロニクス,6615,電気機器,0.0004%,TOPIX Small 2
20251230,トレックス・セミコンダクター,6616,電気機器,0.0012%,TOPIX Small 2
20251230,東光高岳,6617,電気機器,0.0044%,TOPIX Small 2
20251230,ダブル・スコープ,6619,電気機器,0.0010%,TOPIX Small 2
20251230,宮越ホールディングス,6620,不動産業,0.0008%,TOPIX Small 2
20251230,ダイヘン,6622,電気機器,0.0195%,TOPIX Small 1
20251230,ヤーマン,6630,電気機器,0.0031%,TOPIX Small 1
20251230,ＪＶＣケンウッド,6632,電気機器,0.0198%,TOPIX Mid400
20251230,ミマキエンジニアリング,6638,電気機器,0.0028%,TOPIX Small 2
20251230,大崎電気工業,6644,電気機器,0.0050%,TOPIX Small 2
20251230,オムロン,6645,電気機器,0.0696%,TOPIX Mid400
20251230,日東工業,6651,電気機器,0.0103%,TOPIX Small 1
20251230,ＩＤＥＣ,6652,電気機器,0.0078%,TOPIX Small 1
20251230,ジーエス・ユアサ　コーポレーション,6674,電気機器,0.0321%,TOPIX Mid400
20251230,バッファロー,6676,電気機器,0.0027%,TOPIX Small 2
20251230,テクノメディカ,6678,電気機器,0.0009%,TOPIX Small 2
20251230,ダイヤモンドエレクトリックホールディングス,6699,電気機器,0.0005%,TOPIX Small 2
20251230,日本電気,6701,電気機器,0.7299%,TOPIX Large70
20251230,富士通,6702,電気機器,0.8338%,TOPIX Large70
20251230,沖電気工業,6703,電気機器,0.0201%,TOPIX Small 1
20251230,電気興業,6706,電気機器,0.0020%,TOPIX Small 2
20251230,サンケン電気,6707,電気機器,0.0124%,TOPIX Mid400
20251230,アイホン,6718,電気機器,0.0032%,TOPIX Small 2
20251230,ルネサスエレクトロニクス,6723,電気機器,0.4343%,TOPIX Large70
20251230,セイコーエプソン,6724,電気機器,0.0517%,TOPIX Mid400
20251230,ワコム,6727,電気機器,0.0102%,TOPIX Small 1
20251230,アルバック,6728,電気機器,0.0325%,TOPIX Mid400
20251230,アクセル,6730,電気機器,0.0012%,TOPIX Small 2
20251230,ＥＩＺＯ,6737,電気機器,0.0069%,TOPIX Small 1
20251230,ジャパンディスプレイ,6740,電気機器,0.0024%,TOPIX Small 2
20251230,日本信号,6741,電気機器,0.0069%,TOPIX Small 2
20251230,京三製作所,6742,電気機器,0.0030%,TOPIX Small 2
20251230,能美防災,6744,電気機器,0.0109%,TOPIX Small 1
20251230,ホーチキ,6745,電気機器,0.0073%,TOPIX Small 2
20251230,エレコム,6750,電気機器,0.0086%,TOPIX Small 1
20251230,パナソニック　ホールディングス,6752,電気機器,0.5004%,TOPIX Large70
20251230,シャープ,6753,電気機器,0.0194%,TOPIX Mid400
20251230,アンリツ,6754,電気機器,0.0307%,TOPIX Mid400
20251230,ソニーグループ,6758,電気機器,2.8769%,TOPIX Core30
20251230,ＴＤＫ,6762,電気機器,0.3997%,TOPIX Large70
20251230,帝国通信工業,6763,電気機器,0.0025%,TOPIX Small 2
20251230,タムラ製作所,6768,電気機器,0.0051%,TOPIX Small 1
20251230,アルプスアルパイン,6770,電気機器,0.0322%,TOPIX Mid400
20251230,日本電波工業,6779,電気機器,0.0026%,TOPIX Small 2
20251230,鈴木,6785,電気機器,0.0027%,TOPIX Small 2
20251230,メイコー,6787,電気機器,0.0200%,TOPIX Small 1
20251230,日本トリム,6788,電気機器,0.0024%,TOPIX Small 2
20251230,フォスター電機,6794,電気機器,0.0053%,TOPIX Small 2
20251230,ＳＭＫ,6798,電気機器,0.0013%,TOPIX Small 2
20251230,ヨコオ,6800,電気機器,0.0042%,TOPIX Small 2
20251230,ホシデン,6804,電気機器,0.0104%,TOPIX Small 1
20251230,ヒロセ電機,6806,電気機器,0.0526%,TOPIX Mid400
20251230,日本航空電子工業,6807,電気機器,0.0123%,TOPIX Small 1
20251230,ＴＯＡ,6809,電気機器,0.0034%,TOPIX Small 2
20251230,マクセル,6810,電気機器,0.0105%,TOPIX Small 1
20251230,古野電気,6814,電気機器,0.0217%,TOPIX Small 1
20251230,スミダコーポレーション,6817,電気機器,0.0041%,TOPIX Small 2
20251230,アイコム,6820,電気機器,0.0023%,TOPIX Small 2
20251230,リオン,6823,電気機器,0.0023%,TOPIX Small 2
20251230,横河電機,6841,電気機器,0.1149%,TOPIX Mid400
20251230,新電元工業,6844,電気機器,0.0030%,TOPIX Small 2
20251230,アズビル,6845,電気機器,0.0716%,TOPIX Mid400
20251230,日本光電工業,6849,電気機器,0.0290%,TOPIX Mid400
20251230,チノー,6850,電気機器,0.0024%,TOPIX Small 2
20251230,日本電子材料,6855,電気機器,0.0049%,TOPIX Small 2
20251230,堀場製作所,6856,電気機器,0.0627%,TOPIX Mid400
20251230,アドバンテスト,6857,電気機器,1.2825%,TOPIX Core30
20251230,エスペック,6859,電気機器,0.0068%,TOPIX Small 1
20251230,キーエンス,6861,電気機器,1.1752%,TOPIX Core30
20251230,日置電機,6866,電気機器,0.0066%,TOPIX Small 1
20251230,シスメックス,6869,電気機器,0.0828%,TOPIX Mid400
20251230,日本マイクロニクス,6871,電気機器,0.0241%,TOPIX Small 1
20251230,メガチップス,6875,電気機器,0.0114%,TOPIX Small 1
20251230,ＯＢＡＲＡ　ＧＲＯＵＰ,6877,電気機器,0.0043%,TOPIX Small 2
20251230,デンソー,6902,輸送用機器,0.4382%,TOPIX Large70
20251230,コーセル,6905,電気機器,0.0028%,TOPIX Small 2
20251230,イリソ電子工業,6908,電気機器,0.0055%,TOPIX Small 1
20251230,オプテックスグループ,6914,電気機器,0.0090%,TOPIX Small 1
20251230,千代田インテグレ,6915,電気機器,0.0017%,TOPIX Small 2
20251230,レーザーテック,6920,電気機器,0.2383%,TOPIX Large70
20251230,スタンレー電気,6923,電気機器,0.0326%,TOPIX Mid400
20251230,ウシオ電機,6925,電気機器,0.0215%,TOPIX Mid400
20251230,日本セラミック,6929,電気機器,0.0064%,TOPIX Small 1
20251230,山一電機,6941,電気機器,0.0119%,TOPIX Small 1
20251230,図研,6947,電気機器,0.0084%,TOPIX Small 1
20251230,日本電子,6951,電気機器,0.0241%,TOPIX Mid400
20251230,カシオ計算機,6952,電気機器,0.0211%,TOPIX Mid400
20251230,ファナック,6954,電気機器,0.6022%,TOPIX Large70
20251230,日本シイエムケイ,6958,電気機器,0.0035%,TOPIX Small 2
20251230,エンプラス,6961,電気機器,0.0056%,TOPIX Small 2
20251230,大真空,6962,電気機器,0.0017%,TOPIX Small 2
20251230,ローム,6963,電気機器,0.0903%,TOPIX Mid400
20251230,浜松ホトニクス,6965,電気機器,0.0575%,TOPIX Mid400
20251230,三井ハイテック,6966,電気機器,0.0081%,TOPIX Small 1
20251230,京セラ,6971,電気機器,0.2828%,TOPIX Large70
20251230,太陽誘電,6976,電気機器,0.0393%,TOPIX Mid400
20251230,村田製作所,6981,電気機器,0.6420%,TOPIX Large70
20251230,双葉電子工業,6986,電気機器,0.0025%,TOPIX Small 2
20251230,日東電工,6988,化学,0.2345%,TOPIX Mid400
20251230,東海理化電機製作所,6995,輸送用機器,0.0172%,TOPIX Small 1
20251230,ニチコン,6996,電気機器,0.0089%,TOPIX Small 1
20251230,日本ケミコン,6997,電気機器,0.0039%,TOPIX Small 2
20251230,ＫＯＡ,6999,電気機器,0.0052%,TOPIX Small 1
20251230,三井Ｅ＆Ｓ,7003,機械,0.0578%,TOPIX Mid400
20251230,カナデビア,7004,機械,0.0163%,TOPIX Small 1
20251230,三菱重工業,7011,機械,1.5060%,TOPIX Core30
20251230,川崎重工業,7012,輸送用機器,0.1621%,TOPIX Mid400
20251230,ＩＨＩ,7013,機械,0.3005%,TOPIX Mid400
20251230,名村造船所,7014,輸送用機器,0.0229%,TOPIX Small 1
20251230,マネジメントソリューションズ,7033,サービス業,0.0016%,TOPIX Small 2
20251230,プロレド・パートナーズ,7034,サービス業,0.0003%,TOPIX Small 2
20251230,フロンティア・マネジメント,7038,サービス業,0.0005%,TOPIX Small 2
20251230,アンビスホールディングス,7071,サービス業,0.0022%,TOPIX Small 2
20251230,カーブスホールディングス,7085,サービス業,0.0047%,TOPIX Small 1
20251230,フォーラムエンジニアリング,7088,サービス業,0.0042%,TOPIX Small 2
20251230,Ｆａｓｔ　Ｆｉｔｎｅｓｓ　Ｊａｐａｎ,7092,サービス業,0.0013%,TOPIX Small 2
20251230,Ｍａｃｂｅｅ　Ｐｌａｎｅｔ,7095,サービス業,0.0012%,TOPIX Small 2
20251230,日本車輌製造,7102,輸送用機器,0.0030%,TOPIX Small 2
20251230,三菱ロジスネクスト,7105,輸送用機器,0.0051%,TOPIX Small 1
20251230,フルサト・マルカホールディングス,7128,卸売業,0.0042%,TOPIX Small 1
20251230,ヤマエグループホールディングス,7130,卸売業,0.0055%,TOPIX Small 1
20251230,ＦＰＧ,7148,証券、商品先物取引業,0.0125%,TOPIX Small 1
20251230,ライフネット生命保険,7157,保険業,0.0064%,TOPIX Small 1
20251230,全国保証,7164,その他金融業,0.0366%,TOPIX Mid400
20251230,めぶきフィナンシャルグループ,7167,銀行業,0.0990%,TOPIX Mid400
20251230,ジャパンインベストメントアドバイザー,7172,証券、商品先物取引業,0.0067%,TOPIX Small 1
20251230,東京きらぼしフィナンシャルグループ,7173,銀行業,0.0227%,TOPIX Small 1
20251230,九州フィナンシャルグループ,7180,銀行業,0.0402%,TOPIX Mid400
20251230,かんぽ生命保険,7181,保険業,0.1086%,TOPIX Mid400
20251230,ゆうちょ銀行,7182,銀行業,0.4898%,TOPIX Large70
20251230,富山第一銀行,7184,銀行業,0.0118%,TOPIX Small 1
20251230,横浜フィナンシャルグループ,7186,銀行業,0.1377%,TOPIX Mid400
20251230,ジェイリース,7187,その他金融業,0.0022%,TOPIX Small 2
20251230,西日本フィナンシャルホールディングス,7189,銀行業,0.0401%,TOPIX Mid400
20251230,ＳＢＩアルヒ,7198,その他金融業,0.0019%,TOPIX Small 2
20251230,プレミアグループ,7199,その他金融業,0.0067%,TOPIX Small 1
20251230,日産自動車,7201,輸送用機器,0.1235%,TOPIX Mid400
20251230,いすゞ自動車,7202,輸送用機器,0.1349%,TOPIX Mid400
20251230,トヨタ自動車,7203,輸送用機器,3.6974%,TOPIX Core30
20251230,日野自動車,7205,輸送用機器,0.0120%,TOPIX Small 1
20251230,三菱自動車工業,7211,輸送用機器,0.0294%,TOPIX Mid400
20251230,武蔵精密工業,7220,輸送用機器,0.0117%,TOPIX Small 1
20251230,日産車体,7222,輸送用機器,0.0032%,TOPIX Small 2
20251230,新明和工業,7224,輸送用機器,0.0114%,TOPIX Small 1
20251230,極東開発工業,7226,輸送用機器,0.0107%,TOPIX Small 1
20251230,トピー工業,7231,輸送用機器,0.0046%,TOPIX Small 2
20251230,ティラド,7236,輸送用機器,0.0030%,TOPIX Small 2
20251230,曙ブレーキ工業,7238,輸送用機器,0.0015%,TOPIX Small 2
20251230,タチエス,7239,輸送用機器,0.0080%,TOPIX Small 1
20251230,ＮＯＫ,7240,輸送用機器,0.0216%,TOPIX Mid400
20251230,フタバ産業,7241,輸送用機器,0.0058%,TOPIX Small 1
20251230,カヤバ,7242,輸送用機器,0.0157%,TOPIX Small 1
20251230,市光工業,7244,電気機器,0.0023%,TOPIX Small 2
20251230,大同メタル工業,7245,輸送用機器,0.0040%,TOPIX Small 2
20251230,プレス工業,7246,輸送用機器,0.0069%,TOPIX Small 1
20251230,太平洋工業,7250,輸送用機器,0.0154%,TOPIX Small 1
20251230,アイシン,7259,輸送用機器,0.1549%,TOPIX Mid400
20251230,マツダ,7261,輸送用機器,0.0836%,TOPIX Mid400
20251230,本田技研工業,7267,輸送用機器,0.6914%,TOPIX Core30
20251230,スズキ,7269,輸送用機器,0.3555%,TOPIX Large70
20251230,ＳＵＢＡＲＵ,7270,輸送用機器,0.2122%,TOPIX Large70
20251230,ヤマハ発動機,7272,輸送用機器,0.1189%,TOPIX Mid400
20251230,小糸製作所,7276,電気機器,0.0496%,TOPIX Mid400
20251230,エクセディ,7278,輸送用機器,0.0190%,TOPIX Small 1
20251230,ミツバ,7280,電気機器,0.0041%,TOPIX Small 1
20251230,豊田合成,7282,輸送用機器,0.0273%,TOPIX Mid400
20251230,愛三工業,7283,輸送用機器,0.0077%,TOPIX Small 1
20251230,ヨロズ,7294,輸送用機器,0.0020%,TOPIX Small 2
20251230,エフ・シー・シー,7296,輸送用機器,0.0150%,TOPIX Small 1
20251230,シマノ,7309,輸送用機器,0.1442%,TOPIX Large70
20251230,テイ・エス　テック,7313,輸送用機器,0.0142%,TOPIX Mid400
20251230,三十三フィナンシャルグループ,7322,銀行業,0.0087%,TOPIX Small 2
20251230,第四北越フィナンシャルグループ,7327,銀行業,0.0313%,TOPIX Small 1
20251230,ひろぎんホールディングス,7337,銀行業,0.0449%,TOPIX Mid400
20251230,おきなわフィナンシャルグループ,7350,銀行業,0.0083%,TOPIX Small 1
20251230,ダイレクトマーケティングミックス,7354,サービス業,0.0006%,TOPIX Small 2
20251230,ポピンズ,7358,サービス業,0.0004%,TOPIX Small 2
20251230,ＬＩＴＡＬＩＣＯ,7366,サービス業,0.0025%,TOPIX Small 2
20251230,十六フィナンシャルグループ,7380,銀行業,0.0206%,TOPIX Small 1
20251230,ＣＣＩグループ,7381,銀行業,0.0172%,TOPIX Small 1
20251230,ネットプロテクションズホールディングス,7383,その他金融業,0.0032%,TOPIX Small 1
20251230,プロクレアホールディングス,7384,銀行業,0.0054%,TOPIX Small 2
20251230,ＦＰパートナー,7388,保険業,0.0019%,TOPIX Small 2
20251230,あいちフィナンシャルグループ,7389,銀行業,0.0193%,TOPIX Small 1
20251230,小野建,7414,卸売業,0.0033%,TOPIX Small 2
20251230,ノジマ,7419,小売業,0.0255%,TOPIX Small 1
20251230,佐鳥電機,7420,卸売業,0.0026%,TOPIX Small 2
20251230,カッパ・クリエイト,7421,小売業,0.0053%,TOPIX Small 1
20251230,伯東,7433,卸売業,0.0051%,TOPIX Small 1
20251230,コンドーテック,7438,卸売業,0.0029%,TOPIX Small 2
20251230,ナガイレーベン,7447,卸売業,0.0043%,TOPIX Small 2
20251230,良品計画,7453,小売業,0.1332%,TOPIX Mid400
20251230,松田産業,7456,卸売業,0.0088%,TOPIX Small 1
20251230,第一興商,7458,卸売業,0.0122%,TOPIX Mid400
20251230,メディパルホールディングス,7459,卸売業,0.0649%,TOPIX Mid400
20251230,アドヴァングループ,7463,小売業,0.0013%,TOPIX Small 2
20251230,ＳＰＫ,7466,卸売業,0.0021%,TOPIX Small 2
20251230,萩原電気ホールディングス,7467,卸売業,0.0035%,TOPIX Small 2
20251230,アルビス,7475,小売業,0.0019%,TOPIX Small 2
20251230,アズワン,7476,卸売業,0.0168%,TOPIX Mid400
20251230,スズデン,7480,卸売業,0.0021%,TOPIX Small 2
20251230,シモジマ,7482,卸売業,0.0022%,TOPIX Small 2
20251230,ドウシシャ,7483,卸売業,0.0086%,TOPIX Small 2
20251230,高速,7504,卸売業,0.0044%,TOPIX Small 2
20251230,Ｇ‐７ホールディングス,7508,小売業,0.0034%,TOPIX Small 2
20251230,たけびし,7510,卸売業,0.0019%,TOPIX Small 2
20251230,イオン北海道,7512,小売業,0.0059%,TOPIX Small 1
20251230,コジマ,7513,小売業,0.0043%,TOPIX Small 1
20251230,コーナン商事,7516,小売業,0.0097%,TOPIX Small 1
20251230,エコス,7520,小売業,0.0025%,TOPIX Small 2
20251230,ワタミ,7522,小売業,0.0026%,TOPIX Small 2
20251230,リックス,7525,卸売業,0.0021%,TOPIX Small 2
20251230,システムソフト,7527,情報・通信業,0.0005%,TOPIX Small 2
20251230,パン・パシフィック・インターナショナルホールディングス,7532,小売業,0.2066%,TOPIX Mid400
20251230,丸文,7537,卸売業,0.0025%,TOPIX Small 2
20251230,西松屋チェーン,7545,小売業,0.0099%,TOPIX Small 1
20251230,ゼンショーホールディングス,7550,小売業,0.1006%,TOPIX Mid400
20251230,ハピネット,7552,卸売業,0.0088%,TOPIX Small 1
20251230,幸楽苑,7554,小売業,0.0024%,TOPIX Small 2
20251230,橋本総業ホールディングス,7570,卸売業,0.0010%,TOPIX Small 2
20251230,日本ライフライン,7575,卸売業,0.0087%,TOPIX Small 1
20251230,サイゼリヤ,7581,小売業,0.0155%,TOPIX Small 1
20251230,タカショー,7590,卸売業,0.0007%,TOPIX Small 2
20251230,ＶＴホールディングス,7593,小売業,0.0046%,TOPIX Small 1
20251230,アルゴグラフィックス,7595,情報・通信業,0.0121%,TOPIX Small 1
20251230,魚力,7596,小売業,0.0018%,TOPIX Small 2
20251230,ＩＤＯＭ,7599,卸売業,0.0085%,TOPIX Small 1
20251230,日本エム・ディ・エム,7600,精密機器,0.0008%,TOPIX Small 2
20251230,ユナイテッドアローズ,7606,小売業,0.0058%,TOPIX Small 1
20251230,進和,7607,卸売業,0.0040%,TOPIX Small 2
20251230,ダイトロン,7609,卸売業,0.0044%,TOPIX Small 2
20251230,ハイデイ日高,7611,小売業,0.0123%,TOPIX Small 1
20251230,シークス,7613,卸売業,0.0046%,TOPIX Small 1
20251230,コロワイド,7616,小売業,0.0218%,TOPIX Mid400
20251230,オーハシテクニカ,7628,卸売業,0.0024%,TOPIX Small 2
20251230,壱番屋,7630,小売業,0.0079%,TOPIX Small 1
20251230,白銅,7637,卸売業,0.0014%,TOPIX Small 2
20251230,スギホールディングス,7649,小売業,0.0434%,TOPIX Mid400
20251230,薬王堂ホールディングス,7679,小売業,0.0027%,TOPIX Small 2
20251230,ダブルエー,7683,小売業,0.0012%,TOPIX Small 2
20251230,島津製作所,7701,精密機器,0.1148%,TOPIX Mid400
20251230,ＪＭＳ,7702,精密機器,0.0008%,TOPIX Small 2
20251230,長野計器,7715,精密機器,0.0033%,TOPIX Small 2
20251230,ブイ・テクノロジー,7717,精密機器,0.0030%,TOPIX Small 2
20251230,スター精密,7718,機械,0.0074%,TOPIX Small 1
20251230,東京計器,7721,精密機器,0.0092%,TOPIX Small 1
20251230,愛知時計電機,7723,精密機器,0.0027%,TOPIX Small 2
20251230,インターアクション,7725,精密機器,0.0018%,TOPIX Small 2
20251230,東京精密,7729,精密機器,0.0437%,TOPIX Mid400
20251230,マニー,7730,精密機器,0.0120%,TOPIX Small 1
20251230,ニコン,7731,精密機器,0.0451%,TOPIX Mid400
20251230,オリンパス,7733,精密機器,0.2228%,TOPIX Large70
20251230,理研計器,7734,精密機器,0.0094%,TOPIX Small 1
20251230,ＳＣＲＥＥＮホールディングス,7735,電気機器,0.1127%,TOPIX Mid400
20251230,キヤノン電子,7739,電気機器,0.0083%,TOPIX Small 1
20251230,タムロン,7740,精密機器,0.0109%,TOPIX Small 1
20251230,ＨＯＹＡ,7741,精密機器,0.9448%,TOPIX Core30
20251230,ノーリツ鋼機,7744,精密機器,0.0109%,TOPIX Small 1
20251230,Ａ＆Ｄホロンホールディングス,7745,精密機器,0.0057%,TOPIX Small 1
20251230,朝日インテック,7747,精密機器,0.0725%,TOPIX Mid400
20251230,キヤノン,7751,電気機器,0.4310%,TOPIX Large70
20251230,リコー,7752,電気機器,0.0667%,TOPIX Mid400
20251230,シチズン時計,7762,精密機器,0.0219%,TOPIX Small 1
20251230,メニコン,7780,精密機器,0.0124%,TOPIX Small 1
20251230,パラマウントベッドホールディングス,7817,その他製品,0.0063%,TOPIX Small 1
20251230,トランザクション,7818,その他製品,0.0024%,TOPIX Small 2
20251230,ニホンフラッシュ,7820,その他製品,0.0016%,TOPIX Small 2
20251230,前田工繊,7821,その他製品,0.0083%,TOPIX Small 1
20251230,アートネイチャー,7823,その他製品,0.0015%,TOPIX Small 2
20251230,フルヤ金属,7826,その他製品,0.0062%,TOPIX Small 1
20251230,バンダイナムコホールディングス,7832,その他製品,0.2312%,TOPIX Large70
20251230,ＳＨＯＥＩ,7839,その他製品,0.0096%,TOPIX Small 1
20251230,フランスベッドホールディングス,7840,その他製品,0.0039%,TOPIX Small 2
20251230,マーベラス,7844,情報・通信業,0.0020%,TOPIX Small 2
20251230,パイロットコーポレーション,7846,その他製品,0.0154%,TOPIX Mid400
20251230,萩原工業,7856,その他製品,0.0023%,TOPIX Small 2
20251230,エイベックス,7860,情報・通信業,0.0045%,TOPIX Small 1
20251230,フジシールインターナショナル,7864,その他製品,0.0132%,TOPIX Small 1
20251230,タカラトミー,7867,その他製品,0.0280%,TOPIX Mid400
20251230,広済堂ホールディングス,7868,その他製品,0.0030%,TOPIX Small 2
20251230,レック,7874,化学,0.0022%,TOPIX Small 2
20251230,三光合成,7888,化学,0.0023%,TOPIX Small 2
20251230,プロネクサス,7893,その他製品,0.0025%,TOPIX Small 2
20251230,ＴＯＰＰＡＮホールディングス,7911,その他製品,0.1171%,TOPIX Mid400
20251230,大日本印刷,7912,その他製品,0.1205%,TOPIX Mid400
20251230,共同印刷,7914,その他製品,0.0037%,TOPIX Small 2
20251230,ＮＩＳＳＨＡ,7915,その他製品,0.0049%,TOPIX Small 1
20251230,ＺＡＣＲＯＳ,7917,化学,0.0076%,TOPIX Small 2
20251230,ＴＡＫＡＲＡ　＆　ＣＯＭＰＡＮＹ,7921,その他製品,0.0053%,TOPIX Small 2
20251230,前澤化成工業,7925,化学,0.0030%,TOPIX Small 2
20251230,未来工業,7931,化学,0.0034%,TOPIX Small 2
20251230,アシックス,7936,その他製品,0.2992%,TOPIX Large70
20251230,ツツミ,7937,その他製品,0.0012%,TOPIX Small 2
20251230,ＪＳＰ,7942,化学,0.0036%,TOPIX Small 2
20251230,ニチハ,7943,ガラス・土石製品,0.0079%,TOPIX Small 1
20251230,ローランド,7944,その他製品,0.0059%,TOPIX Small 1
20251230,エフピコ,7947,化学,0.0103%,TOPIX Small 1
20251230,小松ウオール工業,7949,その他製品,0.0042%,TOPIX Small 2
20251230,ヤマハ,7951,その他製品,0.0383%,TOPIX Mid400
20251230,河合楽器製作所,7952,その他製品,0.0015%,TOPIX Small 2
20251230,クリナップ,7955,その他製品,0.0020%,TOPIX Small 2
20251230,ピジョン,7956,その他製品,0.0198%,TOPIX Mid400
20251230,キングジム,7962,その他製品,0.0015%,TOPIX Small 2
20251230,象印マホービン,7965,電気機器,0.0088%,TOPIX Small 1
20251230,リンテック,7966,その他製品,0.0199%,TOPIX Small 1
20251230,信越ポリマー,7970,化学,0.0090%,TOPIX Small 1
20251230,イトーキ,7972,その他製品,0.0111%,TOPIX Small 1
20251230,任天堂,7974,その他製品,1.3863%,TOPIX Core30
20251230,三菱鉛筆,7976,その他製品,0.0061%,TOPIX Small 1
20251230,松風,7979,精密機器,0.0034%,TOPIX Small 2
20251230,タカラスタンダード,7981,その他製品,0.0137%,TOPIX Small 1
20251230,コクヨ,7984,その他製品,0.0377%,TOPIX Mid400
20251230,ナカバヤシ,7987,その他製品,0.0013%,TOPIX Small 2
20251230,ニフコ,7988,化学,0.0376%,TOPIX Mid400
20251230,立川ブラインド工業,7989,金属製品,0.0021%,TOPIX Small 2
20251230,グローブライド,7990,その他製品,0.0042%,TOPIX Small 1
20251230,オカムラ,7994,その他製品,0.0143%,TOPIX Small 1
20251230,バルカー,7995,化学,0.0071%,TOPIX Small 1
20251230,伊藤忠商事,8001,卸売業,1.4556%,TOPIX Core30
20251230,丸紅,8002,卸売業,0.7284%,TOPIX Large70
20251230,スクロール,8005,小売業,0.0050%,TOPIX Small 2
20251230,ヨンドシーホールディングス,8008,小売業,0.0037%,TOPIX Small 1
20251230,三陽商会,8011,繊維製品,0.0038%,TOPIX Small 2
20251230,長瀬産業,8012,卸売業,0.0356%,TOPIX Mid400
20251230,蝶理,8014,卸売業,0.0048%,TOPIX Small 2
20251230,豊田通商,8015,卸売業,0.3473%,TOPIX Large70
20251230,オンワードホールディングス,8016,繊維製品,0.0089%,TOPIX Small 1
20251230,三共生興,8018,卸売業,0.0020%,TOPIX Small 2
20251230,兼松,8020,卸売業,0.0330%,TOPIX Mid400
20251230,美津濃,8022,その他製品,0.0172%,TOPIX Small 1
20251230,ルックホールディングス,8029,繊維製品,0.0017%,TOPIX Small 2
20251230,三井物産,8031,卸売業,1.4639%,TOPIX Core30
20251230,日本紙パルプ商事,8032,卸売業,0.0103%,TOPIX Small 2
20251230,東京エレクトロン,8035,電気機器,1.5054%,TOPIX Core30
20251230,カメイ,8037,卸売業,0.0062%,TOPIX Small 2
20251230,スターゼン,8043,卸売業,0.0063%,TOPIX Small 2
20251230,セイコーグループ,8050,精密機器,0.0210%,TOPIX Small 1
20251230,山善,8051,卸売業,0.0099%,TOPIX Small 1
20251230,椿本興業,8052,卸売業,0.0044%,TOPIX Small 2
20251230,住友商事,8053,卸売業,0.7114%,TOPIX Large70
20251230,ＢＩＰＲＯＧＹ,8056,情報・通信業,0.0380%,TOPIX Mid400
20251230,内田洋行,8057,卸売業,0.0087%,TOPIX Small 1
20251230,三菱商事,8058,卸売業,1.5676%,TOPIX Core30
20251230,第一実業,8059,卸売業,0.0062%,TOPIX Small 2
20251230,キヤノンマーケティングジャパン,8060,卸売業,0.0355%,TOPIX Mid400
20251230,西華産業,8061,卸売業,0.0075%,TOPIX Small 1
20251230,佐藤商事,8065,卸売業,0.0034%,TOPIX Small 2
20251230,東京産業,8070,卸売業,0.0022%,TOPIX Small 2
20251230,ユアサ商事,8074,卸売業,0.0100%,TOPIX Small 1
20251230,神鋼商事,8075,卸売業,0.0042%,TOPIX Small 2
20251230,阪和興業,8078,卸売業,0.0259%,TOPIX Small 1
20251230,正栄食品工業,8079,卸売業,0.0059%,TOPIX Small 1
20251230,カナデン,8081,卸売業,0.0037%,TOPIX Small 2
20251230,ＲＹＯＤＥＮ,8084,卸売業,0.0060%,TOPIX Small 2
20251230,ニプロ,8086,精密機器,0.0255%,TOPIX Mid400
20251230,岩谷産業,8088,卸売業,0.0359%,TOPIX Mid400
20251230,極東貿易,8093,卸売業,0.0023%,TOPIX Small 2
20251230,アステナホールディングス,8095,卸売業,0.0020%,TOPIX Small 2
20251230,三愛オブリ,8097,卸売業,0.0108%,TOPIX Small 1
20251230,稲畑産業,8098,卸売業,0.0187%,TOPIX Small 1
20251230,ＧＳＩクレオス,8101,卸売業,0.0032%,TOPIX Small 2
20251230,明和産業,8103,卸売業,0.0030%,TOPIX Small 2
20251230,ゴールドウイン,8111,繊維製品,0.0305%,TOPIX Mid400
20251230,ユニ・チャーム,8113,化学,0.1163%,TOPIX Large70
20251230,ワキタ,8125,卸売業,0.0070%,TOPIX Small 1
20251230,東邦ホールディングス,8129,卸売業,0.0291%,TOPIX Mid400
20251230,サンゲツ,8130,卸売業,0.0171%,TOPIX Small 1
20251230,ミツウロコグループホールディングス,8131,卸売業,0.0058%,TOPIX Small 2
20251230,シナネンホールディングス,8132,卸売業,0.0027%,TOPIX Small 2
20251230,伊藤忠エネクス,8133,卸売業,0.0103%,TOPIX Small 1
20251230,サンリオ,8136,卸売業,0.1071%,TOPIX Mid400
20251230,サンワテクノス,8137,卸売業,0.0037%,TOPIX Small 2
20251230,新光商事,8141,卸売業,0.0028%,TOPIX Small 2
20251230,トーホー,8142,卸売業,0.0033%,TOPIX Small 2
20251230,三信電気,8150,卸売業,0.0039%,TOPIX Small 2
20251230,東陽テクニカ,8151,卸売業,0.0035%,TOPIX Small 2
20251230,モスフードサービス,8153,卸売業,0.0137%,TOPIX Small 1
20251230,加賀電子,8154,卸売業,0.0158%,TOPIX Small 1
20251230,都築電気,8157,情報・通信業,0.0046%,TOPIX Small 2
20251230,ソーダニッカ,8158,卸売業,0.0023%,TOPIX Small 2
20251230,立花エレテック,8159,卸売業,0.0040%,TOPIX Small 2
20251230,木曽路,8160,小売業,0.0084%,TOPIX Small 1
20251230,ＳＲＳホールディングス,8163,小売業,0.0044%,TOPIX Small 2
20251230,千趣会,8165,小売業,0.0009%,TOPIX Small 2
20251230,リテールパートナーズ,8167,小売業,0.0044%,TOPIX Small 2
20251230,上新電機,8173,小売業,0.0065%,TOPIX Small 1
20251230,日本瓦斯,8174,小売業,0.0312%,TOPIX Mid400
20251230,ロイヤルホールディングス,8179,小売業,0.0112%,TOPIX Small 1
20251230,チヨダ,8185,小売業,0.0023%,TOPIX Small 2
20251230,ライフコーポレーション,8194,小売業,0.0108%,TOPIX Small 1
20251230,リンガーハット,8200,小売業,0.0069%,TOPIX Small 1
20251230,ＭｒＭａｘＨＤ,8203,小売業,0.0015%,TOPIX Small 2
20251230,ＡＯＫＩホールディングス,8214,小売業,0.0085%,TOPIX Small 1
20251230,オークワ,8217,小売業,0.0025%,TOPIX Small 2
20251230,コメリ,8218,小売業,0.0100%,TOPIX Small 1
20251230,青山商事,8219,小売業,0.0119%,TOPIX Small 1
20251230,しまむら,8227,小売業,0.0526%,TOPIX Mid400
20251230,高島屋,8233,小売業,0.0522%,TOPIX Mid400
20251230,松屋,8237,小売業,0.0076%,TOPIX Small 1
20251230,エイチ・ツー・オー　リテイリング,8242,小売業,0.0219%,TOPIX Mid400
20251230,近鉄百貨店,8244,小売業,0.0023%,TOPIX Small 2
20251230,丸井グループ,8252,小売業,0.0413%,TOPIX Mid400
20251230,クレディセゾン,8253,その他金融業,0.0484%,TOPIX Mid400
20251230,アクシアル　リテイリング,8255,小売業,0.0069%,TOPIX Small 2
20251230,イオン,8267,小売業,0.6412%,TOPIX Large70
20251230,イズミ,8273,小売業,0.0117%,TOPIX Small 1
20251230,フォーバル,8275,卸売業,0.0010%,TOPIX Small 2
20251230,平和堂,8276,小売業,0.0104%,TOPIX Small 1
20251230,フジ,8278,小売業,0.0072%,TOPIX Small 1
20251230,ゼビオホールディングス,8281,小売業,0.0028%,TOPIX Small 1
20251230,ケーズホールディングス,8282,小売業,0.0241%,TOPIX Mid400
20251230,ＰＡＬＴＡＣ,8283,卸売業,0.0162%,TOPIX Mid400
20251230,三谷産業,8285,卸売業,0.0022%,TOPIX Small 2
20251230,あおぞら銀行,8304,銀行業,0.0326%,TOPIX Mid400
20251230,三菱ＵＦＪフィナンシャル・グループ,8306,銀行業,3.2102%,TOPIX Core30
20251230,りそなホールディングス,8308,銀行業,0.3737%,TOPIX Large70
20251230,三井住友トラストグループ,8309,銀行業,0.3395%,TOPIX Large70
20251230,三井住友フィナンシャルグループ,8316,銀行業,2.2606%,TOPIX Core30
20251230,千葉銀行,8331,銀行業,0.1091%,TOPIX Mid400
20251230,群馬銀行,8334,銀行業,0.0636%,TOPIX Mid400
20251230,武蔵野銀行,8336,銀行業,0.0138%,TOPIX Small 1
20251230,千葉興業銀行,8337,銀行業,0.0065%,TOPIX Small 1
20251230,筑波銀行,8338,銀行業,0.0037%,TOPIX Small 2
20251230,七十七銀行,8341,銀行業,0.0493%,TOPIX Mid400
20251230,秋田銀行,8343,銀行業,0.0055%,TOPIX Small 2
20251230,山形銀行,8344,銀行業,0.0051%,TOPIX Small 2
20251230,岩手銀行,8345,銀行業,0.0067%,TOPIX Small 2
20251230,東邦銀行,8346,銀行業,0.0127%,TOPIX Small 1
20251230,ふくおかフィナンシャルグループ,8354,銀行業,0.0826%,TOPIX Mid400
20251230,スルガ銀行,8358,銀行業,0.0235%,TOPIX Small 1
20251230,八十二銀行,8359,銀行業,0.0715%,TOPIX Mid400
20251230,山梨中央銀行,8360,銀行業,0.0100%,TOPIX Small 1
20251230,大垣共立銀行,8361,銀行業,0.0198%,TOPIX Small 1
20251230,福井銀行,8362,銀行業,0.0051%,TOPIX Small 2
20251230,清水銀行,8364,銀行業,0.0020%,TOPIX Small 2
20251230,滋賀銀行,8366,銀行業,0.0222%,TOPIX Small 1
20251230,南都銀行,8367,銀行業,0.0183%,TOPIX Small 1
20251230,百五銀行,8368,銀行業,0.0220%,TOPIX Small 1
20251230,紀陽銀行,8370,銀行業,0.0221%,TOPIX Small 1
20251230,ほくほくフィナンシャルグループ,8377,銀行業,0.0571%,TOPIX Mid400
20251230,山陰合同銀行,8381,銀行業,0.0190%,TOPIX Small 1
20251230,百十四銀行,8386,銀行業,0.0133%,TOPIX Small 1
20251230,四国銀行,8387,銀行業,0.0056%,TOPIX Small 2
20251230,阿波銀行,8388,銀行業,0.0133%,TOPIX Small 1
20251230,大分銀行,8392,銀行業,0.0083%,TOPIX Small 2
20251230,宮崎銀行,8393,銀行業,0.0078%,TOPIX Small 2
20251230,佐賀銀行,8395,銀行業,0.0052%,TOPIX Small 2
20251230,琉球銀行,8399,銀行業,0.0080%,TOPIX Small 1
20251230,セブン銀行,8410,銀行業,0.0195%,TOPIX Mid400
20251230,みずほフィナンシャルグループ,8411,銀行業,1.6499%,TOPIX Core30
20251230,山口フィナンシャルグループ,8418,銀行業,0.0425%,TOPIX Mid400
20251230,芙蓉総合リース,8424,その他金融業,0.0242%,TOPIX Mid400
20251230,みずほリース,8425,その他金融業,0.0217%,TOPIX Small 1
20251230,東京センチュリー,8439,その他金融業,0.0309%,TOPIX Mid400
20251230,ＳＢＩホールディングス,8473,証券、商品先物取引業,0.2420%,TOPIX Mid400
20251230,日本証券金融,8511,その他金融業,0.0152%,TOPIX Small 1
20251230,アイフル,8515,その他金融業,0.0189%,TOPIX Small 1
20251230,名古屋銀行,8522,銀行業,0.0167%,TOPIX Small 1
20251230,北洋銀行,8524,銀行業,0.0224%,TOPIX Small 1
20251230,愛媛銀行,8541,銀行業,0.0044%,TOPIX Small 2
20251230,京葉銀行,8544,銀行業,0.0147%,TOPIX Small 1
20251230,栃木銀行,8550,銀行業,0.0080%,TOPIX Small 2
20251230,北日本銀行,8551,銀行業,0.0029%,TOPIX Small 2
20251230,東和銀行,8558,銀行業,0.0043%,TOPIX Small 2
20251230,リコーリース,8566,その他金融業,0.0113%,TOPIX Small 1
20251230,イオンフィナンシャルサービス,8570,その他金融業,0.0203%,TOPIX Mid400
20251230,アコム,8572,その他金融業,0.0180%,TOPIX Mid400
20251230,ジャックス,8584,その他金融業,0.0106%,TOPIX Small 1
20251230,オリエントコーポレーション,8585,その他金融業,0.0085%,TOPIX Small 1
20251230,オリックス,8591,その他金融業,0.5746%,TOPIX Large70
20251230,三菱ＨＣキャピタル,8593,その他金融業,0.1341%,TOPIX Mid400
20251230,ジャフコ　グループ,8595,証券、商品先物取引業,0.0132%,TOPIX Mid400
20251230,トモニホールディングス,8600,銀行業,0.0153%,TOPIX Small 1
20251230,大和証券グループ本社,8601,証券、商品先物取引業,0.2000%,TOPIX Mid400
20251230,野村ホールディングス,8604,証券、商品先物取引業,0.4466%,TOPIX Large70
20251230,岡三証券グループ,8609,証券、商品先物取引業,0.0121%,TOPIX Small 1
20251230,丸三証券,8613,証券、商品先物取引業,0.0069%,TOPIX Small 1
20251230,東洋証券,8614,証券、商品先物取引業,0.0041%,TOPIX Small 2
20251230,東海東京フィナンシャル・ホールディングス,8616,証券、商品先物取引業,0.0166%,TOPIX Small 1
20251230,水戸証券,8622,証券、商品先物取引業,0.0031%,TOPIX Small 2
20251230,いちよし証券,8624,証券、商品先物取引業,0.0041%,TOPIX Small 2
20251230,松井証券,8628,証券、商品先物取引業,0.0120%,TOPIX Small 1
20251230,ＳＯＭＰＯホールディングス,8630,保険業,0.5409%,TOPIX Large70
20251230,日本取引所グループ,8697,その他金融業,0.1876%,TOPIX Large70
20251230,マネックスグループ,8698,証券、商品先物取引業,0.0158%,TOPIX Small 1
20251230,極東証券,8706,証券、商品先物取引業,0.0047%,TOPIX Small 1
20251230,岩井コスモホールディングス,8707,証券、商品先物取引業,0.0070%,TOPIX Small 1
20251230,アイザワ証券グループ,8708,証券、商品先物取引業,0.0030%,TOPIX Small 2
20251230,フィデアホールディングス,8713,銀行業,0.0040%,TOPIX Small 2
20251230,池田泉州ホールディングス,8714,銀行業,0.0224%,TOPIX Small 1
20251230,アニコム　ホールディングス,8715,保険業,0.0064%,TOPIX Small 1
20251230,ＭＳ＆ＡＤインシュアランスグループホールディングス,8725,保険業,0.4686%,TOPIX Large70
20251230,ソニーフィナンシャルグループ,8729,保険業,0.1187%,TOPIX Core30
20251230,スパークス・グループ,8739,証券、商品先物取引業,0.0036%,TOPIX Small 2
20251230,第一生命ホールディングス,8750,保険業,0.5234%,TOPIX Large70
20251230,東京海上ホールディングス,8766,保険業,1.2207%,TOPIX Core30
20251230,イー・ギャランティ,8771,その他金融業,0.0060%,TOPIX Small 1
20251230,ＮＥＣキャピタルソリューション,8793,その他金融業,0.0040%,TOPIX Small 2
20251230,Ｔ＆Ｄホールディングス,8795,保険業,0.1829%,TOPIX Mid400
20251230,アドバンスクリエイト,8798,保険業,0.0005%,TOPIX Small 2
20251230,三井不動産,8801,不動産業,0.5375%,TOPIX Large70
20251230,三菱地所,8802,不動産業,0.4686%,TOPIX Large70
20251230,平和不動産,8803,不動産業,0.0094%,TOPIX Small 1
20251230,東京建物,8804,不動産業,0.0686%,TOPIX Mid400
20251230,京阪神ビルディング,8818,不動産業,0.0058%,TOPIX Small 2
20251230,住友不動産,8830,不動産業,0.2282%,TOPIX Large70
20251230,テーオーシー,8841,不動産業,0.0031%,TOPIX Small 2
20251230,レオパレス２１,8848,不動産業,0.0119%,TOPIX Small 1
20251230,スターツコーポレーション,8850,不動産業,0.0180%,TOPIX Small 1
20251230,フジ住宅,8860,不動産業,0.0021%,TOPIX Small 2
20251230,空港施設,8864,不動産業,0.0029%,TOPIX Small 2
20251230,明和地所,8869,不動産業,0.0019%,TOPIX Small 2
20251230,ゴールドクレスト,8871,不動産業,0.0037%,TOPIX Small 1
20251230,リログループ,8876,サービス業,0.0163%,TOPIX Mid400
20251230,エスリード,8877,不動産業,0.0064%,TOPIX Small 2
20251230,日神グループホールディングス,8881,不動産業,0.0024%,TOPIX Small 2
20251230,エスコン,8892,不動産業,0.0054%,TOPIX Small 1
20251230,ＭＩＲＡＲＴＨホールディングス,8897,不動産業,0.0050%,TOPIX Small 1
20251230,ランド,8918,不動産業,0.0011%,TOPIX Small 2
20251230,カチタス,8919,不動産業,0.0175%,TOPIX Small 1
20251230,東祥,8920,サービス業,0.0014%,TOPIX Small 2
20251230,トーセイ,8923,不動産業,0.0104%,TOPIX Small 1
20251230,サンフロンティア不動産,8934,不動産業,0.0073%,TOPIX Small 1
20251230,ＦＪネクストホールディングス,8935,不動産業,0.0027%,TOPIX Small 2
20251230,グランディハウス,8999,不動産業,0.0012%,TOPIX Small 2
20251230,東武鉄道,9001,陸運業,0.0565%,TOPIX Mid400
20251230,相鉄ホールディングス,9003,陸運業,0.0225%,TOPIX Mid400
20251230,東急,9005,陸運業,0.0975%,TOPIX Mid400
20251230,京浜急行電鉄,9006,陸運業,0.0361%,TOPIX Mid400
20251230,小田急電鉄,9007,陸運業,0.0537%,TOPIX Mid400
20251230,京王電鉄,9008,陸運業,0.0376%,TOPIX Mid400
20251230,京成電鉄,9009,陸運業,0.0465%,TOPIX Mid400
20251230,富士急行,9010,陸運業,0.0053%,TOPIX Small 1
20251230,東日本旅客鉄道,9020,陸運業,0.4723%,TOPIX Large70
20251230,西日本旅客鉄道,9021,陸運業,0.1545%,TOPIX Large70
20251230,東海旅客鉄道,9022,陸運業,0.3808%,TOPIX Large70
20251230,東京地下鉄,9023,陸運業,0.0526%,TOPIX Mid400
20251230,西武ホールディングス,9024,陸運業,0.0971%,TOPIX Mid400
20251230,鴻池運輸,9025,陸運業,0.0116%,TOPIX Small 1
20251230,西日本鉄道,9031,陸運業,0.0168%,TOPIX Mid400
20251230,ハマキョウレックス,9037,陸運業,0.0115%,TOPIX Small 1
20251230,サカイ引越センター,9039,陸運業,0.0075%,TOPIX Small 1
20251230,近鉄グループホールディングス,9041,陸運業,0.0680%,TOPIX Mid400
20251230,阪急阪神ホールディングス,9042,陸運業,0.1076%,TOPIX Mid400
20251230,南海電気鉄道,9044,陸運業,0.0294%,TOPIX Mid400
20251230,京阪ホールディングス,9045,陸運業,0.0364%,TOPIX Mid400
20251230,神戸電鉄,9046,陸運業,0.0014%,TOPIX Small 2
20251230,名古屋鉄道,9048,陸運業,0.0385%,TOPIX Mid400
20251230,山陽電気鉄道,9052,陸運業,0.0032%,TOPIX Small 2
20251230,ヤマトホールディングス,9064,陸運業,0.0555%,TOPIX Mid400
20251230,山九,9065,陸運業,0.0400%,TOPIX Mid400
20251230,丸全昭和運輸,9068,陸運業,0.0105%,TOPIX Small 1
20251230,センコーグループホールディングス,9069,陸運業,0.0293%,TOPIX Mid400
20251230,ニッコンホールディングス,9072,陸運業,0.0300%,TOPIX Mid400
20251230,福山通運,9075,陸運業,0.0098%,TOPIX Small 1
20251230,セイノーホールディングス,9076,陸運業,0.0240%,TOPIX Mid400
20251230,神奈川中央交通,9081,陸運業,0.0022%,TOPIX Small 2
20251230,ＡＺ−ＣＯＭ丸和ホールディングス,9090,陸運業,0.0063%,TOPIX Small 1
20251230,日本郵船,9101,海運業,0.2221%,TOPIX Large70
20251230,商船三井,9104,海運業,0.1854%,TOPIX Large70
20251230,川崎汽船,9107,海運業,0.0972%,TOPIX Mid400
20251230,ＮＳユナイテッド海運,9110,海運業,0.0079%,TOPIX Small 1
20251230,飯野海運,9119,海運業,0.0108%,TOPIX Small 1
20251230,九州旅客鉄道,9142,陸運業,0.0635%,TOPIX Mid400
20251230,ＳＧホールディングス,9143,陸運業,0.0498%,TOPIX Mid400
20251230,ＮＩＰＰＯＮ　ＥＸＰＲＥＳＳホールディングス,9147,陸運業,0.0694%,TOPIX Mid400
20251230,日本航空,9201,空運業,0.1378%,TOPIX Mid400
20251230,ＡＮＡホールディングス,9202,空運業,0.1677%,TOPIX Large70
20251230,ビーウィズ,9216,サービス業,0.0009%,TOPIX Small 2
20251230,サンウェルズ,9229,サービス業,0.0006%,TOPIX Small 2
20251230,ＴＲＥホールディングス,9247,サービス業,0.0079%,TOPIX Small 1
20251230,人・夢・技術グループ,9248,サービス業,0.0014%,TOPIX Small 2
20251230,シルバーライフ,9262,小売業,0.0005%,TOPIX Small 2
20251230,Ｇｅｎｋｙ　ＤｒｕｇＳｔｏｒｅｓ,9267,小売業,0.0095%,TOPIX Small 1
20251230,コーア商事ホールディングス,9273,卸売業,0.0017%,TOPIX Small 2
20251230,ＫＰＰグループホールディングス,9274,卸売業,0.0047%,TOPIX Small 1
20251230,ブックオフグループホールディングス,9278,小売業,0.0023%,TOPIX Small 2
20251230,ギフトホールディングス,9279,小売業,0.0042%,TOPIX Small 2
20251230,三菱倉庫,9301,倉庫・運輸関連業,0.0281%,TOPIX Mid400
20251230,三井倉庫ホールディングス,9302,倉庫・運輸関連業,0.0238%,TOPIX Mid400
20251230,住友倉庫,9303,倉庫・運輸関連業,0.0214%,TOPIX Small 1
20251230,澁澤倉庫,9304,倉庫・運輸関連業,0.0042%,TOPIX Small 2
20251230,ヤマタネ,9305,卸売業,0.0041%,TOPIX Small 2
20251230,乾汽船,9308,海運業,0.0036%,TOPIX Small 2
20251230,日本トランスシティ,9310,倉庫・運輸関連業,0.0059%,TOPIX Small 2
20251230,中央倉庫,9319,倉庫・運輸関連業,0.0016%,TOPIX Small 2
20251230,安田倉庫,9324,倉庫・運輸関連業,0.0031%,TOPIX Small 2
20251230,ＮＩＳＳＯホールディングス,9332,サービス業,0.0013%,TOPIX Small 2
20251230,大栄環境,9336,サービス業,0.0180%,TOPIX Small 1
20251230,ＧＥＮＯＶＡ,9341,サービス業,0.0007%,TOPIX Small 2
20251230,日本管財ホールディングス,9347,サービス業,0.0062%,TOPIX Small 2
20251230,上組,9364,倉庫・運輸関連業,0.0460%,TOPIX Mid400
20251230,キユーソー流通システム,9369,倉庫・運輸関連業,0.0034%,TOPIX Small 2
20251230,エーアイテイー,9381,倉庫・運輸関連業,0.0028%,TOPIX Small 2
20251230,ＴＢＳホールディングス,9401,情報・通信業,0.0593%,TOPIX Mid400
20251230,日本テレビホールディングス,9404,情報・通信業,0.0700%,TOPIX Mid400
20251230,朝日放送グループホールディングス,9405,情報・通信業,0.0022%,TOPIX Small 2
20251230,テレビ朝日ホールディングス,9409,情報・通信業,0.0168%,TOPIX Small 1
20251230,スカパーＪＳＡＴホールディングス,9412,情報・通信業,0.0276%,TOPIX Small 1
20251230,テレビ東京ホールディングス,9413,情報・通信業,0.0059%,TOPIX Small 1
20251230,ビジョン,9416,情報・通信業,0.0056%,TOPIX Small 1
20251230,Ｕ−ＮＥＸＴ　ＨＯＬＤＩＮＧＳ,9418,情報・通信業,0.0140%,TOPIX Small 1
20251230,日本通信,9424,情報・通信業,0.0025%,TOPIX Small 2
20251230,ＮＴＴ,9432,情報・通信業,0.9000%,TOPIX Core30
20251230,ＫＤＤＩ,9433,情報・通信業,0.7912%,TOPIX Core30
20251230,ソフトバンク,9434,情報・通信業,0.7181%,TOPIX Core30
20251230,光通信,9435,情報・通信業,0.0901%,TOPIX Mid400
20251230,エムティーアイ,9438,情報・通信業,0.0010%,TOPIX Small 2
20251230,ＧＭＯインターネットグループ,9449,情報・通信業,0.0263%,TOPIX Mid400
20251230,ファイバーゲート,9450,情報・通信業,0.0005%,TOPIX Small 2
20251230,ＫＡＤＯＫＡＷＡ,9468,情報・通信業,0.0367%,TOPIX Mid400
20251230,学研ホールディングス,9470,情報・通信業,0.0043%,TOPIX Small 2
20251230,ゼンリン,9474,情報・通信業,0.0033%,TOPIX Small 2
20251230,東京電力ホールディングス,9501,電気・ガス業,0.1228%,TOPIX Mid400
20251230,中部電力,9502,電気・ガス業,0.1842%,TOPIX Mid400
20251230,関西電力,9503,電気・ガス業,0.2758%,TOPIX Mid400
20251230,中国電力,9504,電気・ガス業,0.0358%,TOPIX Mid400
20251230,北陸電力,9505,電気・ガス業,0.0207%,TOPIX Mid400
20251230,東北電力,9506,電気・ガス業,0.0629%,TOPIX Mid400
20251230,四国電力,9507,電気・ガス業,0.0299%,TOPIX Mid400
20251230,九州電力,9508,電気・ガス業,0.0802%,TOPIX Mid400
20251230,北海道電力,9509,電気・ガス業,0.0246%,TOPIX Mid400
20251230,沖縄電力,9511,電気・ガス業,0.0059%,TOPIX Small 1
20251230,電源開発,9513,電気・ガス業,0.0494%,TOPIX Mid400
20251230,エフオン,9514,電気・ガス業,0.0005%,TOPIX Small 2
20251230,イーレックス,9517,電気・ガス業,0.0026%,TOPIX Small 2
20251230,レノバ,9519,電気・ガス業,0.0039%,TOPIX Small 1
20251230,東京瓦斯,9531,電気・ガス業,0.2320%,TOPIX Mid400
20251230,大阪瓦斯,9532,電気・ガス業,0.2009%,TOPIX Mid400
20251230,東邦瓦斯,9533,電気・ガス業,0.0355%,TOPIX Mid400
20251230,北海道瓦斯,9534,電気・ガス業,0.0047%,TOPIX Small 2
20251230,広島ガス,9535,電気・ガス業,0.0017%,TOPIX Small 2
20251230,西部ガスホールディングス,9536,電気・ガス業,0.0054%,TOPIX Small 2
20251230,静岡ガス,9543,電気・ガス業,0.0057%,TOPIX Small 1
20251230,メタウォーター,9551,電気・ガス業,0.0092%,TOPIX Small 1
20251230,Ｍ＆Ａ総研ホールディングス,9552,サービス業,0.0028%,TOPIX Small 1
20251230,アイネット,9600,情報・通信業,0.0009%,TOPIX Small 2
20251230,松竹,9601,情報・通信業,0.0141%,TOPIX Small 1
20251230,東宝,9602,情報・通信業,0.0871%,TOPIX Mid400
20251230,エイチ・アイ・エス,9603,サービス業,0.0082%,TOPIX Small 1
20251230,東映,9605,情報・通信業,0.0187%,TOPIX Small 1
20251230,ラックランド,9612,サービス業,0.0019%,TOPIX Small 2
20251230,共立メンテナンス,9616,サービス業,0.0226%,TOPIX Mid400
20251230,イチネンホールディングス,9619,サービス業,0.0043%,TOPIX Small 2
20251230,建設技術研究所,9621,サービス業,0.0065%,TOPIX Small 1
20251230,スペース,9622,サービス業,0.0024%,TOPIX Small 2
20251230,アインホールディングス,9627,小売業,0.0147%,TOPIX Mid400
20251230,燦ホールディングス,9628,サービス業,0.0027%,TOPIX Small 2
20251230,ピー・シー・エー,9629,情報・通信業,0.0026%,TOPIX Small 2
20251230,スバル興業,9632,サービス業,0.0023%,TOPIX Small 2
20251230,タナベコンサルティンググループ,9644,サービス業,0.0013%,TOPIX Small 2
20251230,ビジネスブレイン太田昭和,9658,情報・通信業,0.0026%,TOPIX Small 2
20251230,ナガワ,9663,サービス業,0.0037%,TOPIX Small 2
20251230,東京都競馬,9672,サービス業,0.0089%,TOPIX Small 1
20251230,カナモト,9678,サービス業,0.0118%,TOPIX Small 1
20251230,ＤＴＳ,9682,情報・通信業,0.0203%,TOPIX Small 1
20251230,スクウェア・エニックス・ホールディングス,9684,情報・通信業,0.0978%,TOPIX Mid400
20251230,シーイーシー,9692,情報・通信業,0.0061%,TOPIX Small 1
20251230,カプコン,9697,情報・通信業,0.1508%,TOPIX Mid400
20251230,ニシオホールディングス,9699,サービス業,0.0083%,TOPIX Small 1
20251230,アイ・エス・ビー,9702,情報・通信業,0.0017%,TOPIX Small 2
20251230,日本空港ビルデング,9706,不動産業,0.0317%,TOPIX Mid400
20251230,トランス・コスモス,9715,サービス業,0.0106%,TOPIX Small 1
20251230,乃村工藝社,9716,サービス業,0.0123%,TOPIX Small 1
20251230,ＳＣＳＫ,9719,情報・通信業,0.0412%,TOPIX Mid400
20251230,藤田観光,9722,サービス業,0.0112%,TOPIX Small 1
20251230,ＫＮＴ−ＣＴホールディングス,9726,サービス業,0.0017%,TOPIX Small 2
20251230,トーカイ,9729,サービス業,0.0039%,TOPIX Small 2
20251230,セコム,9735,サービス業,0.2217%,TOPIX Large70
20251230,ＮＳＷ,9739,情報・通信業,0.0023%,TOPIX Small 2
20251230,セントラル警備保障,9740,サービス業,0.0031%,TOPIX Small 2
20251230,アイネス,9742,情報・通信業,0.0032%,TOPIX Small 2
20251230,丹青社,9743,サービス業,0.0071%,TOPIX Small 1
20251230,メイテックグループホールディングス,9744,サービス業,0.0279%,TOPIX Mid400
20251230,ＴＫＣ,9746,情報・通信業,0.0138%,TOPIX Small 1
20251230,応用地質,9755,サービス業,0.0053%,TOPIX Small 2
20251230,船井総研ホールディングス,9757,サービス業,0.0098%,TOPIX Small 1
20251230,ＮＳＤ,9759,情報・通信業,0.0254%,TOPIX Mid400
20251230,コナミグループ,9766,情報・通信業,0.1898%,TOPIX Mid400
20251230,学究社,9769,サービス業,0.0020%,TOPIX Small 2
20251230,ナック,9788,サービス業,0.0012%,TOPIX Small 2
20251230,福井コンピュータホールディングス,9790,情報・通信業,0.0035%,TOPIX Small 2
20251230,ダイセキ,9793,サービス業,0.0139%,TOPIX Small 1
20251230,ステップ,9795,サービス業,0.0019%,TOPIX Small 2
20251230,泉州電業,9824,卸売業,0.0075%,TOPIX Small 1
20251230,Ｇｅｎｋｉ　Ｇｌｏｂａｌ　Ｄｉｎｉｎｇ　Ｃｏｎｃｅｐｔｓ,9828,小売業,0.0039%,TOPIX Small 1
20251230,トラスコ中山,9830,卸売業,0.0111%,TOPIX Small 1
20251230,ヤマダホールディングス,9831,小売業,0.0350%,TOPIX Mid400
20251230,オートバックスセブン,9832,卸売業,0.0126%,TOPIX Small 1
20251230,モリト,9837,卸売業,0.0026%,TOPIX Small 2
20251230,アークランズ,9842,小売業,0.0126%,TOPIX Small 1
20251230,ニトリホールディングス,9843,小売業,0.0973%,TOPIX Mid400
20251230,グルメ杵屋,9850,小売業,0.0017%,TOPIX Small 2
20251230,ケーユーホールディングス,9856,小売業,0.0019%,TOPIX Small 2
20251230,吉野家ホールディングス,9861,小売業,0.0248%,TOPIX Mid400
20251230,加藤産業,9869,卸売業,0.0174%,TOPIX Small 1
20251230,イノテック,9880,電気機器,0.0029%,TOPIX Small 2
20251230,イエローハット,9882,卸売業,0.0091%,TOPIX Small 1
20251230,松屋フーズホールディングス,9887,小売業,0.0067%,TOPIX Small 1
20251230,ＪＢＣＣホールディングス,9889,情報・通信業,0.0088%,TOPIX Small 1
20251230,ＪＫホールディングス,9896,卸売業,0.0020%,TOPIX Small 2
20251230,サガミホールディングス,9900,小売業,0.0067%,TOPIX Small 1
20251230,日伝,9902,卸売業,0.0031%,TOPIX Small 2
20251230,ミロク情報サービス,9928,情報・通信業,0.0035%,TOPIX Small 2
20251230,杉本商事,9932,卸売業,0.0025%,TOPIX Small 2
20251230,因幡電機産業,9934,卸売業,0.0292%,TOPIX Mid400
20251230,王将フードサービス,9936,小売業,0.0145%,TOPIX Small 1
20251230,ミニストップ,9946,小売業,0.0034%,TOPIX Small 2
20251230,アークス,9948,小売業,0.0125%,TOPIX Small 1
20251230,バローホールディングス,9956,小売業,0.0141%,TOPIX Small 1
20251230,東テク,9960,卸売業,0.0089%,TOPIX Small 1
20251230,ミスミグループ本社,9962,卸売業,0.0757%,TOPIX Mid400
20251230,ベルク,9974,小売業,0.0073%,TOPIX Small 1
20251230,大庄,9979,小売業,0.0017%,TOPIX Small 2
20251230,ファーストリテイリング,9983,小売業,0.8426%,TOPIX Core30
20251230,ソフトバンクグループ,9984,情報・通信業,1.7530%,TOPIX Core30
20251230,スズケン,9987,卸売業,0.0446%,TOPIX Mid400
20251230,サンドラッグ,9989,小売業,0.0279%,TOPIX Mid400
20251230,サックスバー　ホールディングス,9990,小売業,0.0014%,TOPIX Small 2
20251230,ジェコス,9991,卸売業,0.0023%,TOPIX Small 2
20251230,ベルーナ,9997,小売業,0.0053%,TOPIX Small 1
